delete from inventory;
delete from items_orders;
delete from items;
delete from recipe_ingredients;
delete from ingredients;
delete from recipe;
delete from orders;
delete from customer;





insert into customer(username, password) VALUES ('Kat','$2a$10$RzRp0mhfcth2EOUyjDQS8.x3v1KAQ0i9ezIN4Ik9VlnvXd6h3vb9W');
insert into customer(username, password) VALUES ('Aysha','$2a$10$eUMqUkCpXWzlzVwMRZ7qxurEji53Hothh8XGWBgyjgUEmJ0aM3zg.');
insert into customer(username, password) VALUES ('Alex','$2a$10$UvdYCcTZxu2JAseiELuoHeZsi4GOkxrgPKRRevCJgAJNub5Y5Lt62');

insert into cart(username, item_id, quantity) VALUES ('Kat', 'It002', 4);
insert into cart(username, item_id, quantity) VALUES ('Kat', 'It023', 2);
insert into cart(username, item_id, quantity) VALUES ('Kat', 'It024', 1);

insert into cart(username, item_id, quantity) VALUES ('Aysha', 'It019', 2);
insert into cart(username, item_id, quantity) VALUES ('Aysha', 'It009', 1);
insert into cart(username, item_id, quantity) VALUES ('Aysha', 'It013', 1);






INSERT INTO customer(username,password) VALUES ('Jordan',2);
INSERT INTO customer(username,password) VALUES ('Taylor',3);
INSERT INTO customer(username,password) VALUES ('Casey',4);
INSERT INTO customer(username,password) VALUES ('Jamie',5);
INSERT INTO customer(username,password) VALUES ('Morgan',6);
INSERT INTO customer(username,password) VALUES ('Riley',7);
INSERT INTO customer(username,password) VALUES ('Cameron',8);
INSERT INTO customer(username,password) VALUES ('Quinn',9);
INSERT INTO customer(username,password) VALUES ('Peyton',10);
INSERT INTO customer(username,password) VALUES ('Brooke',11);
INSERT INTO customer(username,password) VALUES ('Blake',12);
INSERT INTO customer(username,password) VALUES ('Charlie',13);
INSERT INTO customer(username,password) VALUES ('Dakota',14);
INSERT INTO customer(username,password) VALUES ('Emerson',15);
INSERT INTO customer(username,password) VALUES ('Finley',16);
INSERT INTO customer(username,password) VALUES ('Harper',17);
INSERT INTO customer(username,password) VALUES ('Kendall',18);
INSERT INTO customer(username,password) VALUES ('Logan',19);
INSERT INTO customer(username,password) VALUES ('Parker',20);
INSERT INTO customer(username,password) VALUES ('Avery',21);
INSERT INTO customer(username,password) VALUES ('Sam',22);
INSERT INTO customer(username,password) VALUES ('Anna',23);
INSERT INTO customer(username,password) VALUES ('Chris',24);
INSERT INTO customer(username,password) VALUES ('Pat',25);
INSERT INTO customer(username,password) VALUES ('Elvis',26);
INSERT INTO customer(username,password) VALUES ('Bob',27);
INSERT INTO customer(username,password) VALUES ('Carol',28);
INSERT INTO customer(username,password) VALUES ('Dave',29);
INSERT INTO customer(username,password) VALUES ('Eve',30);
INSERT INTO customer(username,password) VALUES ('Frank',31);
INSERT INTO customer(username,password) VALUES ('Grace',32);
INSERT INTO customer(username,password) VALUES ('Helen',33);
INSERT INTO customer(username,password) VALUES ('Ian',34);
INSERT INTO customer(username,password) VALUES ('Jenny',35);
INSERT INTO customer(username,password) VALUES ('Kyle',36);
INSERT INTO customer(username,password) VALUES ('Laura',37);
INSERT INTO customer(username,password) VALUES ('Mike',38);
INSERT INTO customer(username,password) VALUES ('Nina',39);
INSERT INTO customer(username,password) VALUES ('Oscar',40);
INSERT INTO customer(username,password) VALUES ('Paula',41);
INSERT INTO customer(username,password) VALUES ('Rachel',42);
INSERT INTO customer(username,password) VALUES ('Steve',43);
INSERT INTO customer(username,password) VALUES ('Tina',44);
INSERT INTO customer(username,password) VALUES ('Umar',45);
INSERT INTO customer(username,password) VALUES ('Victor',46);
INSERT INTO customer(username,password) VALUES ('Wendy',47);
INSERT INTO customer(username,password) VALUES ('Alice',48);
INSERT INTO customer(username,password) VALUES ('Dana',49);
INSERT INTO customer(username,password) VALUES ('Evan',50);
INSERT INTO customer(username,password) VALUES ('Fiona',51);
INSERT INTO customer(username,password) VALUES ('George',52);
INSERT INTO customer(username,password) VALUES ('Hannah',53);
INSERT INTO customer(username,password) VALUES ('Jake',54);
INSERT INTO customer(username,password) VALUES ('Karen',55);
INSERT INTO customer(username,password) VALUES ('Leo',56);
INSERT INTO customer(username,password) VALUES ('Mia',57);
INSERT INTO customer(username,password) VALUES ('Noah',58);
INSERT INTO customer(username,password) VALUES ('Olivia',59);
INSERT INTO customer(username,password) VALUES ('Paul',60);
INSERT INTO customer(username,password) VALUES ('Xavier',61);
INSERT INTO customer(username,password) VALUES ('Yara',62);
INSERT INTO customer(username,password) VALUES ('Zoe',63);
INSERT INTO customer(username,password) VALUES ('Amy',64);
INSERT INTO customer(username,password) VALUES ('Brad',65);
INSERT INTO customer(username,password) VALUES ('Cindy',66);
INSERT INTO customer(username,password) VALUES ('Derek',67);
INSERT INTO customer(username,password) VALUES ('Eliza',68);
INSERT INTO customer(username,password) VALUES ('Gigi',69);
INSERT INTO customer(username,password) VALUES ('Hugo',70);
INSERT INTO customer(username,password) VALUES ('Ivy',71);
INSERT INTO customer(username,password) VALUES ('Kara',72);
INSERT INTO customer(username,password) VALUES ('Liam',73);
INSERT INTO customer(username,password) VALUES ('Noel',74);
INSERT INTO customer(username,password) VALUES ('Ophelia',75);
INSERT INTO customer(username,password) VALUES ('Pablo',76);
INSERT INTO customer(username,password) VALUES ('Rita',77);
INSERT INTO customer(username,password) VALUES ('Sarah',78);
INSERT INTO customer(username,password) VALUES ('Lucy',79);
INSERT INTO customer(username,password) VALUES ('Tony',80);
INSERT INTO customer(username,password) VALUES ('Greg',81);
INSERT INTO customer(username,password) VALUES ('Ivan',82);
INSERT INTO customer(username,password) VALUES ('Julia',83);
INSERT INTO customer(username,password) VALUES ('Karl',84);
INSERT INTO customer(username,password) VALUES ('Leah',85);
INSERT INTO customer(username,password) VALUES ('Max',86);
INSERT INTO customer(username,password) VALUES ('Nora',87);
INSERT INTO customer(username,password) VALUES ('Uma',88);
INSERT INTO customer(username,password) VALUES ('Xander',89);
INSERT INTO customer(username,password) VALUES ('Zack',90);
INSERT INTO customer(username,password) VALUES ('Ben',91);
INSERT INTO customer(username,password) VALUES ('Carla',92);
INSERT INTO customer(username,password) VALUES ('David',93);
INSERT INTO customer(username,password) VALUES ('Elena',94);
INSERT INTO customer(username,password) VALUES ('Gina',95);
INSERT INTO customer(username,password) VALUES ('Harry',96);
INSERT INTO customer(username,password) VALUES ('Iris',97);
INSERT INTO customer(username,password) VALUES ('Jack',98);
INSERT INTO customer(username,password) VALUES ('Kiera',99);
INSERT INTO customer(username,password) VALUES ('Luke',100);
INSERT INTO customer(username,password) VALUES ('Nia',101);
INSERT INTO customer(username,password) VALUES ('Priya',102);
INSERT INTO customer(username,password) VALUES ('Ravi',103);
INSERT INTO customer(username,password) VALUES ('Tim',104);
INSERT INTO customer(username,password) VALUES ('Vicky',105);
INSERT INTO customer(username,password) VALUES ('Xian',106);
INSERT INTO customer(username,password) VALUES ('Amelia',107);
INSERT INTO customer(username,password) VALUES ('Faisal',108);
INSERT INTO customer(username,password) VALUES ('Georgia',109);
INSERT INTO customer(username,password) VALUES ('Haris',110);
INSERT INTO customer(username,password) VALUES ('Ida',111);
INSERT INTO customer(username,password) VALUES ('Jaya',112);
INSERT INTO customer(username,password) VALUES ('Kurt',113);
INSERT INTO customer(username,password) VALUES ('Lana',114);
INSERT INTO customer(username,password) VALUES ('Moe',115);
INSERT INTO customer(username,password) VALUES ('Jenna',116);
INSERT INTO customer(username,password) VALUES ('Keith',117);
INSERT INTO customer(username,password) VALUES ('Lila',118);
INSERT INTO customer(username,password) VALUES ('Mason',119);
INSERT INTO customer(username,password) VALUES ('Susie',120);
INSERT INTO customer(username,password) VALUES ('Tom',121);
INSERT INTO customer(username,password) VALUES ('Ulla',122);
INSERT INTO customer(username,password) VALUES ('Cara',123);
INSERT INTO customer(username,password) VALUES ('Dan',124);
INSERT INTO customer(username,password) VALUES ('Finn',125);
INSERT INTO customer(username,password) VALUES ('Gia',126);
INSERT INTO customer(username,password) VALUES ('Hal',127);
INSERT INTO customer(username,password) VALUES ('Jed',128);
INSERT INTO customer(username,password) VALUES ('Kip',129);
INSERT INTO customer(username,password) VALUES ('Lia',130);
INSERT INTO customer(username,password) VALUES ('Oli',131);
INSERT INTO customer(username,password) VALUES ('Pam',132);
INSERT INTO customer(username,password) VALUES ('Quin',133);
INSERT INTO customer(username,password) VALUES ('Rae',134);
INSERT INTO customer(username,password) VALUES ('Ty',135);
INSERT INTO customer(username,password) VALUES ('Val',136);
INSERT INTO customer(username,password) VALUES ('Wes',137);
INSERT INTO customer(username,password) VALUES ('Xi',138);
INSERT INTO customer(username,password) VALUES ('Yol',139);
INSERT INTO customer(username,password) VALUES ('Zed',140);
INSERT INTO customer(username,password) VALUES ('Charles',141);
INSERT INTO customer(username,password) VALUES ('Heidi',142);
INSERT INTO customer(username,password) VALUES ('Pete',143);
INSERT INTO customer(username,password) VALUES ('Vivian',144);
INSERT INTO customer(username,password) VALUES ('Yolanda',145);
INSERT INTO customer(username,password) VALUES ('Chloe',146);
INSERT INTO customer(username,password) VALUES ('Eva',147);
INSERT INTO customer(username,password) VALUES ('Fred',148);
INSERT INTO customer(username,password) VALUES ('Hugh',149);










INSERT INTO recipe(rec_id) VALUES ('HDR-CAP-MD');
INSERT INTO recipe(rec_id) VALUES ('HDR-CAP-LG');
INSERT INTO recipe(rec_id) VALUES ('HDR-LAT-MD');
INSERT INTO recipe(rec_id) VALUES ('HDR-LAT-LG');
INSERT INTO recipe(rec_id) VALUES ('HDR-FLT');
INSERT INTO recipe(rec_id) VALUES ('HDR-CRM-MD');
INSERT INTO recipe(rec_id) VALUES ('HDR-CRM-LG');
INSERT INTO recipe(rec_id) VALUES ('HDR-ESP');
INSERT INTO recipe(rec_id) VALUES ('HDR-MOC-MD');
INSERT INTO recipe(rec_id) VALUES ('HDR-MOC-LG');
INSERT INTO recipe(rec_id) VALUES ('HDR-WMO-MD');
INSERT INTO recipe(rec_id) VALUES ('HDR-WMO-LG');
INSERT INTO recipe(rec_id) VALUES ('HDR-HCH-MD');
INSERT INTO recipe(rec_id) VALUES ('HDR-HCH-LG');
INSERT INTO recipe(rec_id) VALUES ('CDR-CCF-MD');
INSERT INTO recipe(rec_id) VALUES ('CDR-CCF-LG');
INSERT INTO recipe(rec_id) VALUES ('CDR-CMO-MD');
INSERT INTO recipe(rec_id) VALUES ('CDR-CMO-LG');
INSERT INTO recipe(rec_id) VALUES ('CDR-ICT-MD');
INSERT INTO recipe(rec_id) VALUES ('CDR-ICT-LG');
INSERT INTO recipe(rec_id) VALUES ('CDR-LMN-MD');
INSERT INTO recipe(rec_id) VALUES ('CDR-LMN-LG');
INSERT INTO recipe(rec_id) VALUES ('SNK-SHC');
INSERT INTO recipe(rec_id) VALUES ('SNK-SSM');












INSERT INTO items(item_id,rec_id,item_name,item_cat,item_size,item_price) VALUES ('It001','HDR-CAP-MD','Cappuccino','Hot Drinks','Medium',3.45);
INSERT INTO items(item_id,rec_id,item_name,item_cat,item_size,item_price) VALUES ('It002','HDR-CAP-LG','Cappuccino','Hot Drinks','Large',3.75);
INSERT INTO items(item_id,rec_id,item_name,item_cat,item_size,item_price) VALUES ('It003','HDR-LAT-MD','Latte','Hot Drinks','Medium',3.45);
INSERT INTO items(item_id,rec_id,item_name,item_cat,item_size,item_price) VALUES ('It004','HDR-LAT-LG','Latte','Hot Drinks','Large',3.75);
INSERT INTO items(item_id,rec_id,item_name,item_cat,item_size,item_price) VALUES ('It005','HDR-FLT','Flat White','Hot Drinks','',3.15);
INSERT INTO items(item_id,rec_id,item_name,item_cat,item_size,item_price) VALUES ('It006','HDR-CRM-MD','Caramel Macchiato','Hot Drinks','Medium',4.20);
INSERT INTO items(item_id,rec_id,item_name,item_cat,item_size,item_price) VALUES ('It007','HDR-CRM-LG','Caramel Macchiato','Hot Drinks','Large',4.60);
INSERT INTO items(item_id,rec_id,item_name,item_cat,item_size,item_price) VALUES ('It008','HDR-ESP','Espresso','Hot Drinks','',2.15);
INSERT INTO items(item_id,rec_id,item_name,item_cat,item_size,item_price) VALUES ('It009','HDR-MOC-MD','Mocha','Hot Drinks','Medium',4.00);
INSERT INTO items(item_id,rec_id,item_name,item_cat,item_size,item_price) VALUES ('It010','HDR-MOC-LG','Mocha','Hot Drinks','Large',4.60);
INSERT INTO items(item_id,rec_id,item_name,item_cat,item_size,item_price) VALUES ('It011','HDR-WMO-MD','White Mocha','Hot Drinks','Medium',4.50);
INSERT INTO items(item_id,rec_id,item_name,item_cat,item_size,item_price) VALUES ('It012','HDR-WMO-LG','White Mocha','Hot Drinks','Large',4.70);
INSERT INTO items(item_id,rec_id,item_name,item_cat,item_size,item_price) VALUES ('It013','HDR-HCH-MD','Hot Chocolate','Hot Drinks','Medium',4.20);
INSERT INTO items(item_id,rec_id,item_name,item_cat,item_size,item_price) VALUES ('It014','HDR-HCH-LG','Hot Chocolate','Hot Drinks','Large',4.60);
INSERT INTO items(item_id,rec_id,item_name,item_cat,item_size,item_price) VALUES ('It015','CDR-CCF-MD','Cold Coffee','Cold Drinks','Medium',3.45);
INSERT INTO items(item_id,rec_id,item_name,item_cat,item_size,item_price) VALUES ('It016','CDR-CCF-LG','Cold Coffee','Cold Drinks','Large',3.75);
INSERT INTO items(item_id,rec_id,item_name,item_cat,item_size,item_price) VALUES ('It017','CDR-CMO-MD','Cold Mocha','Cold Drinks','Medium',4.00);
INSERT INTO items(item_id,rec_id,item_name,item_cat,item_size,item_price) VALUES ('It018','CDR-CMO-LG','Cold Mocha','Cold Drinks','Large',4.60);
INSERT INTO items(item_id,rec_id,item_name,item_cat,item_size,item_price) VALUES ('It019','CDR-ICT-MD','Iced Tea','Cold Drinks','Medium',3.25);
INSERT INTO items(item_id,rec_id,item_name,item_cat,item_size,item_price) VALUES ('It020','CDR-ICT-LG','Iced Tea','Cold Drinks','Large',3.55);
INSERT INTO items(item_id,rec_id,item_name,item_cat,item_size,item_price) VALUES ('It021','CDR-LMN-MD','Lemonade','Cold Drinks','Medium',3.35);
INSERT INTO items(item_id,rec_id,item_name,item_cat,item_size,item_price) VALUES ('It022','CDR-LMN-LG','Lemonade','Cold Drinks','Large',3.75);
INSERT INTO items(item_id,rec_id,item_name,item_cat,item_size,item_price) VALUES ('It023','SNK-SHC','Sandwich Ham&Cheese','Snacks','',5.60);
INSERT INTO items(item_id,rec_id,item_name,item_cat,item_size,item_price) VALUES ('It024','SNK-SSM','Sandwich Salami&Mozzarella','Snacks','',5.50);











INSERT INTO orders(order_id,created_at,username) VALUES ('001','2024-02-12 07:04:00','Alex');
INSERT INTO orders(order_id,created_at,username) VALUES ('002','2024-02-12 07:09:00','Jordan');
INSERT INTO orders(order_id,created_at,username) VALUES ('003','2024-02-12 07:14:00','Taylor');
INSERT INTO orders(order_id,created_at,username) VALUES ('004','2024-02-12 07:18:00','Casey');
INSERT INTO orders(order_id,created_at,username) VALUES ('005','2024-02-12 07:23:00','Jamie');
INSERT INTO orders(order_id,created_at,username) VALUES ('006','2024-02-12 07:28:00','Morgan');
INSERT INTO orders(order_id,created_at,username) VALUES ('007','2024-02-12 07:33:00','Riley');
INSERT INTO orders(order_id,created_at,username) VALUES ('008','2024-02-12 07:39:00','Cameron');
INSERT INTO orders(order_id,created_at,username) VALUES ('009','2024-02-12 07:44:00','Quinn');
INSERT INTO orders(order_id,created_at,username) VALUES ('010','2024-02-12 07:49:00','Peyton');
INSERT INTO orders(order_id,created_at,username) VALUES ('011','2024-02-12 07:53:00','Brooke');
INSERT INTO orders(order_id,created_at,username) VALUES ('012','2024-02-12 07:58:00','Blake');
INSERT INTO orders(order_id,created_at,username) VALUES ('013','2024-02-12 08:03:00','Charlie');
INSERT INTO orders(order_id,created_at,username) VALUES ('014','2024-02-12 08:08:00','Dakota');
INSERT INTO orders(order_id,created_at,username) VALUES ('015','2024-02-12 08:12:00','Emerson');
INSERT INTO orders(order_id,created_at,username) VALUES ('016','2024-02-12 08:17:00','Finley');
INSERT INTO orders(order_id,created_at,username) VALUES ('017','2024-02-12 08:22:00','Harper');
INSERT INTO orders(order_id,created_at,username) VALUES ('018','2024-02-12 08:26:00','Jordan');
INSERT INTO orders(order_id,created_at,username) VALUES ('019','2024-02-12 08:31:00','Kendall');
INSERT INTO orders(order_id,created_at,username) VALUES ('020','2024-02-12 08:36:00','Logan');
INSERT INTO orders(order_id,created_at,username) VALUES ('021','2024-02-12 08:41:00','Morgan');
INSERT INTO orders(order_id,created_at,username) VALUES ('022','2024-02-12 08:45:00','Parker');
INSERT INTO orders(order_id,created_at,username) VALUES ('023','2024-02-12 08:50:00','Alex');
INSERT INTO orders(order_id,created_at,username) VALUES ('024','2024-02-12 08:55:00','Jordan');
INSERT INTO orders(order_id,created_at,username) VALUES ('025','2024-02-12 09:00:00','Taylor');
INSERT INTO orders(order_id,created_at,username) VALUES ('026','2024-02-12 09:04:00','Casey');
INSERT INTO orders(order_id,created_at,username) VALUES ('027','2024-02-12 09:09:00','Jamie');
INSERT INTO orders(order_id,created_at,username) VALUES ('028','2024-02-12 09:14:00','Morgan');
INSERT INTO orders(order_id,created_at,username) VALUES ('029','2024-02-12 09:19:00','Riley');
INSERT INTO orders(order_id,created_at,username) VALUES ('030','2024-02-12 09:35:00','Jordan');
INSERT INTO orders(order_id,created_at,username) VALUES ('031','2024-02-12 09:48:00','Harper');
INSERT INTO orders(order_id,created_at,username) VALUES ('032','2024-02-12 10:02:00','Casey');
INSERT INTO orders(order_id,created_at,username) VALUES ('033','2024-02-12 10:17:00','Riley');
INSERT INTO orders(order_id,created_at,username) VALUES ('034','2024-02-12 10:33:00','Alex');
INSERT INTO orders(order_id,created_at,username) VALUES ('035','2024-02-12 10:50:00','Jamie');
INSERT INTO orders(order_id,created_at,username) VALUES ('036','2024-02-12 11:08:00','Taylor');
INSERT INTO orders(order_id,created_at,username) VALUES ('037','2024-02-12 11:27:00','Quinn');
INSERT INTO orders(order_id,created_at,username) VALUES ('038','2024-02-12 12:08:00','Peyton');
INSERT INTO orders(order_id,created_at,username) VALUES ('039','2024-02-12 12:10:00','Riley');
INSERT INTO orders(order_id,created_at,username) VALUES ('040','2024-02-12 12:11:00','Cameron');
INSERT INTO orders(order_id,created_at,username) VALUES ('041','2024-02-12 12:16:00','Quinn');
INSERT INTO orders(order_id,created_at,username) VALUES ('042','2024-02-12 12:18:00','Taylor');
INSERT INTO orders(order_id,created_at,username) VALUES ('043','2024-02-12 12:21:00','Jamie');
INSERT INTO orders(order_id,created_at,username) VALUES ('044','2024-02-12 12:23:00','Riley');
INSERT INTO orders(order_id,created_at,username) VALUES ('045','2024-02-12 12:26:00','Alex');
INSERT INTO orders(order_id,created_at,username) VALUES ('046','2024-02-12 12:29:00','Casey');
INSERT INTO orders(order_id,created_at,username) VALUES ('047','2024-02-12 12:32:00','Brooke');
INSERT INTO orders(order_id,created_at,username) VALUES ('048','2024-02-12 12:35:00','Jordan');
INSERT INTO orders(order_id,created_at,username) VALUES ('049','2024-02-12 12:38:00','Peyton');
INSERT INTO orders(order_id,created_at,username) VALUES ('050','2024-02-12 12:41:00','Morgan');
INSERT INTO orders(order_id,created_at,username) VALUES ('051','2024-02-12 12:44:00','Harper');
INSERT INTO orders(order_id,created_at,username) VALUES ('052','2024-02-12 12:47:00','Cameron');
INSERT INTO orders(order_id,created_at,username) VALUES ('053','2024-02-12 12:50:00','Avery');
INSERT INTO orders(order_id,created_at,username) VALUES ('054','2024-02-12 12:53:00','Quinn');
INSERT INTO orders(order_id,created_at,username) VALUES ('055','2024-02-12 12:56:00','Taylor');
INSERT INTO orders(order_id,created_at,username) VALUES ('056','2024-02-12 12:59:00','Jamie');
INSERT INTO orders(order_id,created_at,username) VALUES ('057','2024-02-12 13:02:00','Riley');
INSERT INTO orders(order_id,created_at,username) VALUES ('058','2024-02-12 13:05:00','Alex');
INSERT INTO orders(order_id,created_at,username) VALUES ('059','2024-02-12 13:08:00','Casey');
INSERT INTO orders(order_id,created_at,username) VALUES ('060','2024-02-12 13:11:00','Brooke');
INSERT INTO orders(order_id,created_at,username) VALUES ('061','2024-02-12 13:13:00','Harper');
INSERT INTO orders(order_id,created_at,username) VALUES ('062','2024-02-12 13:15:00','Jordan');
INSERT INTO orders(order_id,created_at,username) VALUES ('063','2024-02-12 13:17:00','Avery');
INSERT INTO orders(order_id,created_at,username) VALUES ('064','2024-02-12 13:20:00','Casey');
INSERT INTO orders(order_id,created_at,username) VALUES ('065','2024-02-12 13:22:00','Taylor');
INSERT INTO orders(order_id,created_at,username) VALUES ('066','2024-02-12 13:25:00','Riley');
INSERT INTO orders(order_id,created_at,username) VALUES ('066','2024-02-12 13:25:00','Riley');
INSERT INTO orders(order_id,created_at,username) VALUES ('067','2024-02-12 13:27:00','Jamie');
INSERT INTO orders(order_id,created_at,username) VALUES ('068','2024-02-12 13:30:00','Morgan');
INSERT INTO orders(order_id,created_at,username) VALUES ('069','2024-02-12 13:32:00','Quinn');
INSERT INTO orders(order_id,created_at,username) VALUES ('070','2024-02-12 13:35:00','Peyton');
INSERT INTO orders(order_id,created_at,username) VALUES ('078','2024-02-12 13:55:00','Alex');
INSERT INTO orders(order_id,created_at,username) VALUES ('079','2024-02-12 14:05:00','Harper');
INSERT INTO orders(order_id,created_at,username) VALUES ('080','2024-02-12 14:17:00','Taylor');
INSERT INTO orders(order_id,created_at,username) VALUES ('081','2024-02-12 14:30:00','Jordan');
INSERT INTO orders(order_id,created_at,username) VALUES ('082','2024-02-12 14:45:00','Casey');
INSERT INTO orders(order_id,created_at,username) VALUES ('083','2024-02-12 15:00:00','Riley');
INSERT INTO orders(order_id,created_at,username) VALUES ('084','2024-02-12 15:20:00','Jamie');
INSERT INTO orders(order_id,created_at,username) VALUES ('085','2024-02-12 15:40:00','Morgan');
INSERT INTO orders(order_id,created_at,username) VALUES ('086','2024-02-12 16:00:00','Brooke');
INSERT INTO orders(order_id,created_at,username) VALUES ('087','2024-02-12 16:25:00','Avery');
INSERT INTO orders(order_id,created_at,username) VALUES ('088','2024-02-12 16:50:00','Quinn');
INSERT INTO orders(order_id,created_at,username) VALUES ('089','2024-02-12 17:00:00','Sam');
INSERT INTO orders(order_id,created_at,username) VALUES ('090','2024-02-13 07:14:00','Anna');
INSERT INTO orders(order_id,created_at,username) VALUES ('091','2024-02-13 07:19:00','Chris');
INSERT INTO orders(order_id,created_at,username) VALUES ('092','2024-02-13 07:24:00','Pat');
INSERT INTO orders(order_id,created_at,username) VALUES ('093','2024-02-13 07:30:00','Alex');
INSERT INTO orders(order_id,created_at,username) VALUES ('094','2024-02-13 07:35:00','Jordan');
INSERT INTO orders(order_id,created_at,username) VALUES ('095','2024-02-13 07:40:00','Taylor');
INSERT INTO orders(order_id,created_at,username) VALUES ('096','2024-02-13 07:45:00','Casey');
INSERT INTO orders(order_id,created_at,username) VALUES ('097','2024-02-13 07:50:00','Jamie');
INSERT INTO orders(order_id,created_at,username) VALUES ('098','2024-02-13 07:56:00','Morgan');
INSERT INTO orders(order_id,created_at,username) VALUES ('099','2024-02-13 08:01:00','Riley');
INSERT INTO orders(order_id,created_at,username) VALUES ('100','2024-02-13 08:06:00','Cameron');
INSERT INTO orders(order_id,created_at,username) VALUES ('101','2024-02-13 08:11:00','Quinn');
INSERT INTO orders(order_id,created_at,username) VALUES ('102','2024-02-13 08:17:00','Peyton');
INSERT INTO orders(order_id,created_at,username) VALUES ('103','2024-02-13 08:22:00','Brooke');
INSERT INTO orders(order_id,created_at,username) VALUES ('104','2024-02-13 08:27:00','Sam');
INSERT INTO orders(order_id,created_at,username) VALUES ('105','2024-02-13 08:32:00','Alex');
INSERT INTO orders(order_id,created_at,username) VALUES ('106','2024-02-13 08:38:00','Pat');
INSERT INTO orders(order_id,created_at,username) VALUES ('107','2024-02-13 08:43:00','Chris');
INSERT INTO orders(order_id,created_at,username) VALUES ('108','2024-02-13 08:48:00','Jordan');
INSERT INTO orders(order_id,created_at,username) VALUES ('109','2024-02-13 08:53:00','Taylor');
INSERT INTO orders(order_id,created_at,username) VALUES ('110','2024-02-13 08:58:00','Casey');
INSERT INTO orders(order_id,created_at,username) VALUES ('111','2024-02-13 09:04:00','Jamie');
INSERT INTO orders(order_id,created_at,username) VALUES ('112','2024-02-13 09:09:00','Morgan');
INSERT INTO orders(order_id,created_at,username) VALUES ('113','2024-02-13 09:14:00','Riley');
INSERT INTO orders(order_id,created_at,username) VALUES ('114','2024-02-13 09:19:00','Cameron');
INSERT INTO orders(order_id,created_at,username) VALUES ('115','2024-02-13 09:25:00','Quinn');
INSERT INTO orders(order_id,created_at,username) VALUES ('116','2024-02-13 09:30:00','Peyton');
INSERT INTO orders(order_id,created_at,username) VALUES ('117','2024-02-13 09:35:00','Brooke');
INSERT INTO orders(order_id,created_at,username) VALUES ('118','2024-02-13 09:40:00','Sam');
INSERT INTO orders(order_id,created_at,username) VALUES ('119','2024-02-13 09:46:00','Alex');
INSERT INTO orders(order_id,created_at,username) VALUES ('120','2024-02-13 09:51:00','Pat');
INSERT INTO orders(order_id,created_at,username) VALUES ('121','2024-02-13 09:56:00','Chris');
INSERT INTO orders(order_id,created_at,username) VALUES ('122','2024-02-13 10:01:00','Jordan');
INSERT INTO orders(order_id,created_at,username) VALUES ('123','2024-02-13 10:16:00','Morgan');
INSERT INTO orders(order_id,created_at,username) VALUES ('124','2024-02-13 10:31:00','Casey');
INSERT INTO orders(order_id,created_at,username) VALUES ('125','2024-02-13 10:45:00','Riley');
INSERT INTO orders(order_id,created_at,username) VALUES ('126','2024-02-13 11:00:00','Jamie');
INSERT INTO orders(order_id,created_at,username) VALUES ('127','2024-02-13 11:15:00','Alex');
INSERT INTO orders(order_id,created_at,username) VALUES ('128','2024-02-13 11:29:00','Sam');
INSERT INTO orders(order_id,created_at,username) VALUES ('129','2024-02-13 11:43:00','Quinn');
INSERT INTO orders(order_id,created_at,username) VALUES ('130','2024-02-13 11:57:00','Pat');
INSERT INTO orders(order_id,created_at,username) VALUES ('131','2024-02-13 12:03:00','Chris');
INSERT INTO orders(order_id,created_at,username) VALUES ('132','2024-02-13 12:10:00','Alex');
INSERT INTO orders(order_id,created_at,username) VALUES ('133','2024-02-13 12:17:00','Jordan');
INSERT INTO orders(order_id,created_at,username) VALUES ('134','2024-02-13 12:24:00','Morgan');
INSERT INTO orders(order_id,created_at,username) VALUES ('135','2024-02-13 12:31:00','Taylor');
INSERT INTO orders(order_id,created_at,username) VALUES ('136','2024-02-13 12:38:00','Casey');
INSERT INTO orders(order_id,created_at,username) VALUES ('137','2024-02-13 12:45:00','Jamie');
INSERT INTO orders(order_id,created_at,username) VALUES ('138','2024-02-13 12:52:00','Riley');
INSERT INTO orders(order_id,created_at,username) VALUES ('139','2024-02-13 12:59:00','Cameron');
INSERT INTO orders(order_id,created_at,username) VALUES ('140','2024-02-13 13:06:00','Quinn');
INSERT INTO orders(order_id,created_at,username) VALUES ('141','2024-02-13 13:13:00','Peyton');
INSERT INTO orders(order_id,created_at,username) VALUES ('142','2024-02-13 13:20:00','Brooke');
INSERT INTO orders(order_id,created_at,username) VALUES ('143','2024-02-13 13:27:00','Sam');
INSERT INTO orders(order_id,created_at,username) VALUES ('144','2024-02-13 13:34:00','Pat');
INSERT INTO orders(order_id,created_at,username) VALUES ('145','2024-02-13 13:41:00','Alex');
INSERT INTO orders(order_id,created_at,username) VALUES ('146','2024-02-13 13:48:00','Chris');
INSERT INTO orders(order_id,created_at,username) VALUES ('147','2024-02-13 13:55:00','Jordan');
INSERT INTO orders(order_id,created_at,username) VALUES ('148','2024-02-13 14:03:00','Morgan');
INSERT INTO orders(order_id,created_at,username) VALUES ('149','2024-02-13 14:10:00','Taylor');
INSERT INTO orders(order_id,created_at,username) VALUES ('150','2024-02-13 14:30:00','Jordan');
INSERT INTO orders(order_id,created_at,username) VALUES ('151','2024-02-13 14:50:00','Chris');
INSERT INTO orders(order_id,created_at,username) VALUES ('152','2024-02-13 15:10:00','Alex');
INSERT INTO orders(order_id,created_at,username) VALUES ('153','2024-02-13 15:30:00','Morgan');
INSERT INTO orders(order_id,created_at,username) VALUES ('154','2024-02-13 15:50:00','Taylor');
INSERT INTO orders(order_id,created_at,username) VALUES ('155','2024-02-13 16:09:00','Casey');
INSERT INTO orders(order_id,created_at,username) VALUES ('156','2024-02-13 16:29:00','Jamie');
INSERT INTO orders(order_id,created_at,username) VALUES ('157','2024-02-13 16:49:00','Riley');
INSERT INTO orders(order_id,created_at,username) VALUES ('158','2024-02-13 17:00:00','Cameron');
INSERT INTO orders(order_id,created_at,username) VALUES ('159','2024-02-14 07:06:00','Elvis');
INSERT INTO orders(order_id,created_at,username) VALUES ('160','2024-02-14 07:13:00','Jordan');
INSERT INTO orders(order_id,created_at,username) VALUES ('161','2024-02-14 07:20:00','Chris');
INSERT INTO orders(order_id,created_at,username) VALUES ('162','2024-02-14 07:27:00','Alex');
INSERT INTO orders(order_id,created_at,username) VALUES ('163','2024-02-14 07:34:00','Morgan');
INSERT INTO orders(order_id,created_at,username) VALUES ('164','2024-02-14 07:41:00','Taylor');
INSERT INTO orders(order_id,created_at,username) VALUES ('165','2024-02-14 07:49:00','Casey');
INSERT INTO orders(order_id,created_at,username) VALUES ('166','2024-02-14 07:56:00','Jamie');
INSERT INTO orders(order_id,created_at,username) VALUES ('167','2024-02-14 08:03:00','Riley');
INSERT INTO orders(order_id,created_at,username) VALUES ('168','2024-02-14 08:10:00','Cameron');
INSERT INTO orders(order_id,created_at,username) VALUES ('169','2024-02-14 08:17:00','Quinn');
INSERT INTO orders(order_id,created_at,username) VALUES ('170','2024-02-14 08:24:00','Peyton');
INSERT INTO orders(order_id,created_at,username) VALUES ('171','2024-02-14 08:31:00','Brooke');
INSERT INTO orders(order_id,created_at,username) VALUES ('172','2024-02-14 08:38:00','Sam');
INSERT INTO orders(order_id,created_at,username) VALUES ('173','2024-02-14 08:45:00','Pat');
INSERT INTO orders(order_id,created_at,username) VALUES ('174','2024-02-14 08:53:00','Alex');
INSERT INTO orders(order_id,created_at,username) VALUES ('175','2024-02-14 09:00:00','Jordan');
INSERT INTO orders(order_id,created_at,username) VALUES ('176','2024-02-14 09:07:00','Chris');
INSERT INTO orders(order_id,created_at,username) VALUES ('177','2024-02-14 09:14:00','Morgan');
INSERT INTO orders(order_id,created_at,username) VALUES ('178','2024-02-14 09:21:00','Taylor');
INSERT INTO orders(order_id,created_at,username) VALUES ('179','2024-02-14 09:28:00','Casey');
INSERT INTO orders(order_id,created_at,username) VALUES ('180','2024-02-14 09:35:00','Jamie');
INSERT INTO orders(order_id,created_at,username) VALUES ('181','2024-02-14 09:42:00','Riley');
INSERT INTO orders(order_id,created_at,username) VALUES ('182','2024-02-14 09:49:00','Cameron');
INSERT INTO orders(order_id,created_at,username) VALUES ('183','2024-02-14 09:57:00','Quinn');
INSERT INTO orders(order_id,created_at,username) VALUES ('184','2024-02-14 10:04:00','Brooke');
INSERT INTO orders(order_id,created_at,username) VALUES ('185','2024-02-14 10:21:00','Sam');
INSERT INTO orders(order_id,created_at,username) VALUES ('186','2024-02-14 10:38:00','Pat');
INSERT INTO orders(order_id,created_at,username) VALUES ('187','2024-02-14 10:55:00','Alex');
INSERT INTO orders(order_id,created_at,username) VALUES ('188','2024-02-14 11:12:00','Jordan');
INSERT INTO orders(order_id,created_at,username) VALUES ('189','2024-02-14 11:29:00','Chris');
INSERT INTO orders(order_id,created_at,username) VALUES ('190','2024-02-14 11:46:00','Morgan');
INSERT INTO orders(order_id,created_at,username) VALUES ('191','2024-02-14 12:03:00','Taylor');
INSERT INTO orders(order_id,created_at,username) VALUES ('192','2024-02-14 12:10:00','Casey');
INSERT INTO orders(order_id,created_at,username) VALUES ('193','2024-02-14 12:17:00','Jamie');
INSERT INTO orders(order_id,created_at,username) VALUES ('194','2024-02-14 12:24:00','Riley');
INSERT INTO orders(order_id,created_at,username) VALUES ('195','2024-02-14 12:31:00','Cameron');
INSERT INTO orders(order_id,created_at,username) VALUES ('196','2024-02-14 12:38:00','Quinn');
INSERT INTO orders(order_id,created_at,username) VALUES ('197','2024-02-14 12:45:00','Peyton');
INSERT INTO orders(order_id,created_at,username) VALUES ('198','2024-02-14 12:52:00','Brooke');
INSERT INTO orders(order_id,created_at,username) VALUES ('199','2024-02-14 13:00:00','Sam');
INSERT INTO orders(order_id,created_at,username) VALUES ('200','2024-02-14 13:08:00','Pat');
INSERT INTO orders(order_id,created_at,username) VALUES ('201','2024-02-14 13:15:00','Alex');
INSERT INTO orders(order_id,created_at,username) VALUES ('202','2024-02-14 13:22:00','Jordan');
INSERT INTO orders(order_id,created_at,username) VALUES ('203','2024-02-14 13:29:00','Chris');
INSERT INTO orders(order_id,created_at,username) VALUES ('204','2024-02-14 13:36:00','Morgan');
INSERT INTO orders(order_id,created_at,username) VALUES ('205','2024-02-14 13:43:00','Taylor');
INSERT INTO orders(order_id,created_at,username) VALUES ('206','2024-02-14 13:50:00','Casey');
INSERT INTO orders(order_id,created_at,username) VALUES ('207','2024-02-14 13:57:00','Jamie');
INSERT INTO orders(order_id,created_at,username) VALUES ('208','2024-02-14 14:05:00','Riley');
INSERT INTO orders(order_id,created_at,username) VALUES ('209','2024-02-14 14:12:00','Cameron');
INSERT INTO orders(order_id,created_at,username) VALUES ('210','2024-02-14 14:19:00','Quinn');
INSERT INTO orders(order_id,created_at,username) VALUES ('211','2024-02-14 14:26:00','Peyton');
INSERT INTO orders(order_id,created_at,username) VALUES ('212','2024-02-14 14:33:00','Brooke');
INSERT INTO orders(order_id,created_at,username) VALUES ('213','2024-02-14 14:40:00','Sam');
INSERT INTO orders(order_id,created_at,username) VALUES ('214','2024-02-14 14:47:00','Pat');
INSERT INTO orders(order_id,created_at,username) VALUES ('215','2024-02-14 15:04:00','Alex');
INSERT INTO orders(order_id,created_at,username) VALUES ('216','2024-02-14 15:22:00','Jordan');
INSERT INTO orders(order_id,created_at,username) VALUES ('217','2024-02-14 15:41:00','Chris');
INSERT INTO orders(order_id,created_at,username) VALUES ('218','2024-02-14 15:59:00','Morgan');
INSERT INTO orders(order_id,created_at,username) VALUES ('219','2024-02-14 16:17:00','Taylor');
INSERT INTO orders(order_id,created_at,username) VALUES ('220','2024-02-14 16:35:00','Casey');
INSERT INTO orders(order_id,created_at,username) VALUES ('221','2024-02-14 16:53:00','Jamie');
INSERT INTO orders(order_id,created_at,username) VALUES ('222','2024-02-14 17:00:00','Riley');
INSERT INTO orders(order_id,created_at,username) VALUES ('223','2024-02-15 07:02:00','Anna');
INSERT INTO orders(order_id,created_at,username) VALUES ('224','2024-02-15 07:09:00','Bob');
INSERT INTO orders(order_id,created_at,username) VALUES ('225','2024-02-15 07:16:00','Carol');
INSERT INTO orders(order_id,created_at,username) VALUES ('226','2024-02-15 07:23:00','Dave');
INSERT INTO orders(order_id,created_at,username) VALUES ('227','2024-02-15 07:30:00','Eve');
INSERT INTO orders(order_id,created_at,username) VALUES ('228','2024-02-15 07:37:00','Frank');
INSERT INTO orders(order_id,created_at,username) VALUES ('229','2024-02-15 07:44:00','Grace');
INSERT INTO orders(order_id,created_at,username) VALUES ('230','2024-02-15 07:52:00','Helen');
INSERT INTO orders(order_id,created_at,username) VALUES ('231','2024-02-15 07:59:00','Ian');
INSERT INTO orders(order_id,created_at,username) VALUES ('232','2024-02-15 08:06:00','Jenny');
INSERT INTO orders(order_id,created_at,username) VALUES ('233','2024-02-15 08:13:00','Kyle');
INSERT INTO orders(order_id,created_at,username) VALUES ('234','2024-02-15 08:20:00','Laura');
INSERT INTO orders(order_id,created_at,username) VALUES ('235','2024-02-15 08:27:00','Mike');
INSERT INTO orders(order_id,created_at,username) VALUES ('236','2024-02-15 08:34:00','Nina');
INSERT INTO orders(order_id,created_at,username) VALUES ('237','2024-02-15 08:41:00','Oscar');
INSERT INTO orders(order_id,created_at,username) VALUES ('238','2024-02-15 08:48:00','Paula');
INSERT INTO orders(order_id,created_at,username) VALUES ('239','2024-02-15 08:56:00','Quinn');
INSERT INTO orders(order_id,created_at,username) VALUES ('240','2024-02-15 09:03:00','Rachel');
INSERT INTO orders(order_id,created_at,username) VALUES ('241','2024-02-15 09:10:00','Steve');
INSERT INTO orders(order_id,created_at,username) VALUES ('242','2024-02-15 09:17:00','Tina');
INSERT INTO orders(order_id,created_at,username) VALUES ('243','2024-02-15 09:24:00','Umar');
INSERT INTO orders(order_id,created_at,username) VALUES ('244','2024-02-15 09:31:00','Victor');
INSERT INTO orders(order_id,created_at,username) VALUES ('245','2024-02-15 09:38:00','Wendy');
INSERT INTO orders(order_id,created_at,username) VALUES ('246','2024-02-15 09:48:00','Alice');
INSERT INTO orders(order_id,created_at,username) VALUES ('247','2024-02-15 10:04:00','Bob');
INSERT INTO orders(order_id,created_at,username) VALUES ('248','2024-02-15 10:20:00','Charlie');
INSERT INTO orders(order_id,created_at,username) VALUES ('249','2024-02-15 10:36:00','Dana');
INSERT INTO orders(order_id,created_at,username) VALUES ('250','2024-02-15 10:52:00','Evan');
INSERT INTO orders(order_id,created_at,username) VALUES ('251','2024-02-15 11:08:00','Fiona');
INSERT INTO orders(order_id,created_at,username) VALUES ('252','2024-02-15 11:24:00','George');
INSERT INTO orders(order_id,created_at,username) VALUES ('253','2024-02-15 11:40:00','Hannah');
INSERT INTO orders(order_id,created_at,username) VALUES ('254','2024-02-15 11:56:00','Ian');
INSERT INTO orders(order_id,created_at,username) VALUES ('255','2024-02-15 12:06:00','Jake');
INSERT INTO orders(order_id,created_at,username) VALUES ('256','2024-02-15 12:12:00','Karen');
INSERT INTO orders(order_id,created_at,username) VALUES ('257','2024-02-15 12:18:00','Leo');
INSERT INTO orders(order_id,created_at,username) VALUES ('258','2024-02-15 12:24:00','Mia');
INSERT INTO orders(order_id,created_at,username) VALUES ('259','2024-02-15 12:30:00','Noah');
INSERT INTO orders(order_id,created_at,username) VALUES ('260','2024-02-15 12:36:00','Olivia');
INSERT INTO orders(order_id,created_at,username) VALUES ('261','2024-02-15 12:42:00','Paul');
INSERT INTO orders(order_id,created_at,username) VALUES ('262','2024-02-15 12:48:00','Quinn');
INSERT INTO orders(order_id,created_at,username) VALUES ('263','2024-02-15 12:54:00','Riley');
INSERT INTO orders(order_id,created_at,username) VALUES ('264','2024-02-15 13:00:00','Sam');
INSERT INTO orders(order_id,created_at,username) VALUES ('265','2024-02-15 13:06:00','Tina');
INSERT INTO orders(order_id,created_at,username) VALUES ('266','2024-02-15 13:12:00','Umar');
INSERT INTO orders(order_id,created_at,username) VALUES ('267','2024-02-15 13:18:00','Victor');
INSERT INTO orders(order_id,created_at,username) VALUES ('268','2024-02-15 13:24:00','Wendy');
INSERT INTO orders(order_id,created_at,username) VALUES ('269','2024-02-15 13:30:00','Xavier');
INSERT INTO orders(order_id,created_at,username) VALUES ('270','2024-02-15 13:36:00','Yara');
INSERT INTO orders(order_id,created_at,username) VALUES ('271','2024-02-15 13:42:00','Zoe');
INSERT INTO orders(order_id,created_at,username) VALUES ('272','2024-02-15 13:48:00','Amy');
INSERT INTO orders(order_id,created_at,username) VALUES ('273','2024-02-15 13:54:00','Brad');
INSERT INTO orders(order_id,created_at,username) VALUES ('274','2024-02-15 14:00:00','Cindy');
INSERT INTO orders(order_id,created_at,username) VALUES ('275','2024-02-15 14:06:00','Derek');
INSERT INTO orders(order_id,created_at,username) VALUES ('276','2024-02-15 14:12:00','Eliza');
INSERT INTO orders(order_id,created_at,username) VALUES ('277','2024-02-15 14:18:00','Frank');
INSERT INTO orders(order_id,created_at,username) VALUES ('278','2024-02-15 14:24:00','Gigi');
INSERT INTO orders(order_id,created_at,username) VALUES ('279','2024-02-15 14:30:00','Hugo');
INSERT INTO orders(order_id,created_at,username) VALUES ('280','2024-02-15 14:36:00','Ivy');
INSERT INTO orders(order_id,created_at,username) VALUES ('281','2024-02-15 14:52:00','Jake');
INSERT INTO orders(order_id,created_at,username) VALUES ('282','2024-02-15 15:08:00','Kara');
INSERT INTO orders(order_id,created_at,username) VALUES ('283','2024-02-15 15:24:00','Liam');
INSERT INTO orders(order_id,created_at,username) VALUES ('284','2024-02-15 15:40:00','Mia');
INSERT INTO orders(order_id,created_at,username) VALUES ('285','2024-02-15 15:56:00','Noel');
INSERT INTO orders(order_id,created_at,username) VALUES ('286','2024-02-15 16:12:00','Ophelia');
INSERT INTO orders(order_id,created_at,username) VALUES ('287','2024-02-15 16:28:00','Pablo');
INSERT INTO orders(order_id,created_at,username) VALUES ('288','2024-02-15 16:44:00','Quinn');
INSERT INTO orders(order_id,created_at,username) VALUES ('289','2024-02-15 17:00:00','Rita');
INSERT INTO orders(order_id,created_at,username) VALUES ('290','2024-02-16 07:08:00','Sarah');
INSERT INTO orders(order_id,created_at,username) VALUES ('291','2024-02-16 07:15:00','Mike');
INSERT INTO orders(order_id,created_at,username) VALUES ('292','2024-02-16 07:22:00','Lucy');
INSERT INTO orders(order_id,created_at,username) VALUES ('293','2024-02-16 07:29:00','Tony');
INSERT INTO orders(order_id,created_at,username) VALUES ('294','2024-02-16 07:36:00','Fiona');
INSERT INTO orders(order_id,created_at,username) VALUES ('295','2024-02-16 07:43:00','Greg');
INSERT INTO orders(order_id,created_at,username) VALUES ('296','2024-02-16 07:51:00','Hannah');
INSERT INTO orders(order_id,created_at,username) VALUES ('297','2024-02-16 07:58:00','Ivan');
INSERT INTO orders(order_id,created_at,username) VALUES ('298','2024-02-16 08:05:00','Julia');
INSERT INTO orders(order_id,created_at,username) VALUES ('299','2024-02-16 08:12:00','Karl');
INSERT INTO orders(order_id,created_at,username) VALUES ('300','2024-02-16 08:19:00','Leah');
INSERT INTO orders(order_id,created_at,username) VALUES ('301','2024-02-16 08:26:00','Max');
INSERT INTO orders(order_id,created_at,username) VALUES ('302','2024-02-16 08:33:00','Nora');
INSERT INTO orders(order_id,created_at,username) VALUES ('303','2024-02-16 08:40:00','Oscar');
INSERT INTO orders(order_id,created_at,username) VALUES ('304','2024-02-16 08:48:00','Paula');
INSERT INTO orders(order_id,created_at,username) VALUES ('305','2024-02-16 08:55:00','Quinn');
INSERT INTO orders(order_id,created_at,username) VALUES ('306','2024-02-16 09:02:00','Rita');
INSERT INTO orders(order_id,created_at,username) VALUES ('307','2024-02-16 09:09:00','Steve');
INSERT INTO orders(order_id,created_at,username) VALUES ('308','2024-02-16 09:16:00','Tina');
INSERT INTO orders(order_id,created_at,username) VALUES ('309','2024-02-16 09:23:00','Uma');
INSERT INTO orders(order_id,created_at,username) VALUES ('310','2024-02-16 09:30:00','Victor');
INSERT INTO orders(order_id,created_at,username) VALUES ('311','2024-02-16 09:38:00','Wendy');
INSERT INTO orders(order_id,created_at,username) VALUES ('312','2024-02-16 09:45:00','Xander');
INSERT INTO orders(order_id,created_at,username) VALUES ('313','2024-02-16 09:52:00','Yara');
INSERT INTO orders(order_id,created_at,username) VALUES ('314','2024-02-16 09:59:00','Zack');
INSERT INTO orders(order_id,created_at,username) VALUES ('315','2024-02-16 10:05:00','Alice');
INSERT INTO orders(order_id,created_at,username) VALUES ('316','2024-02-16 10:21:00','Ben');
INSERT INTO orders(order_id,created_at,username) VALUES ('317','2024-02-16 10:38:00','Carla');
INSERT INTO orders(order_id,created_at,username) VALUES ('318','2024-02-16 10:54:00','David');
INSERT INTO orders(order_id,created_at,username) VALUES ('319','2024-02-16 11:10:00','Elena');
INSERT INTO orders(order_id,created_at,username) VALUES ('320','2024-02-16 11:26:00','Frank');
INSERT INTO orders(order_id,created_at,username) VALUES ('321','2024-02-16 11:43:00','Gina');
INSERT INTO orders(order_id,created_at,username) VALUES ('322','2024-02-16 11:59:00','Harry');
INSERT INTO orders(order_id,created_at,username) VALUES ('323','2024-02-16 12:06:00','Iris');
INSERT INTO orders(order_id,created_at,username) VALUES ('324','2024-02-16 12:12:00','Jack');
INSERT INTO orders(order_id,created_at,username) VALUES ('325','2024-02-16 12:19:00','Kiera');
INSERT INTO orders(order_id,created_at,username) VALUES ('326','2024-02-16 12:25:00','Luke');
INSERT INTO orders(order_id,created_at,username) VALUES ('327','2024-02-16 12:32:00','Mia');
INSERT INTO orders(order_id,created_at,username) VALUES ('328','2024-02-16 12:38:00','Nia');
INSERT INTO orders(order_id,created_at,username) VALUES ('329','2024-02-16 12:45:00','Oscar');
INSERT INTO orders(order_id,created_at,username) VALUES ('330','2024-02-16 12:51:00','Priya');
INSERT INTO orders(order_id,created_at,username) VALUES ('331','2024-02-16 12:58:00','Quinn');
INSERT INTO orders(order_id,created_at,username) VALUES ('332','2024-02-16 13:04:00','Ravi');
INSERT INTO orders(order_id,created_at,username) VALUES ('333','2024-02-16 13:11:00','Sarah');
INSERT INTO orders(order_id,created_at,username) VALUES ('334','2024-02-16 13:17:00','Tim');
INSERT INTO orders(order_id,created_at,username) VALUES ('335','2024-02-16 13:24:00','Uma');
INSERT INTO orders(order_id,created_at,username) VALUES ('336','2024-02-16 13:30:00','Vicky');
INSERT INTO orders(order_id,created_at,username) VALUES ('337','2024-02-16 13:37:00','Wendy');
INSERT INTO orders(order_id,created_at,username) VALUES ('338','2024-02-16 13:43:00','Xian');
INSERT INTO orders(order_id,created_at,username) VALUES ('339','2024-02-16 13:50:00','Yara');
INSERT INTO orders(order_id,created_at,username) VALUES ('340','2024-02-16 13:56:00','Zack');
INSERT INTO orders(order_id,created_at,username) VALUES ('341','2024-02-16 14:03:00','Amelia');
INSERT INTO orders(order_id,created_at,username) VALUES ('342','2024-02-16 14:09:00','Brad');
INSERT INTO orders(order_id,created_at,username) VALUES ('343','2024-02-16 14:16:00','Cindy');
INSERT INTO orders(order_id,created_at,username) VALUES ('344','2024-02-16 14:22:00','Derek');
INSERT INTO orders(order_id,created_at,username) VALUES ('345','2024-02-16 14:29:00','Eliza');
INSERT INTO orders(order_id,created_at,username) VALUES ('346','2024-02-16 14:35:00','Faisal');
INSERT INTO orders(order_id,created_at,username) VALUES ('347','2024-02-16 14:42:00','Georgia');
INSERT INTO orders(order_id,created_at,username) VALUES ('348','2024-02-16 14:48:00','Haris');
INSERT INTO orders(order_id,created_at,username) VALUES ('349','2024-02-16 14:55:00','Ida');
INSERT INTO orders(order_id,created_at,username) VALUES ('350','2024-02-16 15:01:00','Jaya');
INSERT INTO orders(order_id,created_at,username) VALUES ('351','2024-02-16 15:08:00','Kurt');
INSERT INTO orders(order_id,created_at,username) VALUES ('352','2024-02-16 15:14:00','Lana');
INSERT INTO orders(order_id,created_at,username) VALUES ('353','2024-02-16 15:21:00','Moe');
INSERT INTO orders(order_id,created_at,username) VALUES ('354','2024-02-16 15:34:00','Ian');
INSERT INTO orders(order_id,created_at,username) VALUES ('355','2024-02-16 15:54:00','Jenna');
INSERT INTO orders(order_id,created_at,username) VALUES ('356','2024-02-16 16:14:00','Keith');
INSERT INTO orders(order_id,created_at,username) VALUES ('357','2024-02-16 16:34:00','Lila');
INSERT INTO orders(order_id,created_at,username) VALUES ('358','2024-02-16 16:54:00','Mason');
INSERT INTO orders(order_id,created_at,username) VALUES ('359','2024-02-16 17:00:00','Nora');
INSERT INTO orders(order_id,created_at,username) VALUES ('360','2024-02-17 07:03:00','Susie');
INSERT INTO orders(order_id,created_at,username) VALUES ('361','2024-02-17 07:08:00','Tom');
INSERT INTO orders(order_id,created_at,username) VALUES ('362','2024-02-17 07:13:00','Ulla');
INSERT INTO orders(order_id,created_at,username) VALUES ('363','2024-02-17 07:18:00','Victor');
INSERT INTO orders(order_id,created_at,username) VALUES ('364','2024-02-17 07:23:00','Wendy');
INSERT INTO orders(order_id,created_at,username) VALUES ('365','2024-02-17 07:28:00','Xavier');
INSERT INTO orders(order_id,created_at,username) VALUES ('366','2024-02-17 07:34:00','Yara');
INSERT INTO orders(order_id,created_at,username) VALUES ('367','2024-02-17 07:39:00','Zoe');
INSERT INTO orders(order_id,created_at,username) VALUES ('368','2024-02-17 07:44:00','Amy');
INSERT INTO orders(order_id,created_at,username) VALUES ('369','2024-02-17 07:49:00','Ben');
INSERT INTO orders(order_id,created_at,username) VALUES ('370','2024-02-17 07:54:00','Cara');
INSERT INTO orders(order_id,created_at,username) VALUES ('371','2024-02-17 07:59:00','Dan');
INSERT INTO orders(order_id,created_at,username) VALUES ('372','2024-02-17 08:04:00','Eve');
INSERT INTO orders(order_id,created_at,username) VALUES ('373','2024-02-17 08:10:00','Finn');
INSERT INTO orders(order_id,created_at,username) VALUES ('374','2024-02-17 08:15:00','Gia');
INSERT INTO orders(order_id,created_at,username) VALUES ('375','2024-02-17 08:20:00','Hal');
INSERT INTO orders(order_id,created_at,username) VALUES ('376','2024-02-17 08:25:00','Ida');
INSERT INTO orders(order_id,created_at,username) VALUES ('377','2024-02-17 08:30:00','Jed');
INSERT INTO orders(order_id,created_at,username) VALUES ('378','2024-02-17 08:35:00','Kip');
INSERT INTO orders(order_id,created_at,username) VALUES ('379','2024-02-17 08:40:00','Lia');
INSERT INTO orders(order_id,created_at,username) VALUES ('380','2024-02-17 08:45:00','Moe');
INSERT INTO orders(order_id,created_at,username) VALUES ('381','2024-02-17 08:51:00','Nia');
INSERT INTO orders(order_id,created_at,username) VALUES ('382','2024-02-17 08:56:00','Oli');
INSERT INTO orders(order_id,created_at,username) VALUES ('383','2024-02-17 09:01:00','Pam');
INSERT INTO orders(order_id,created_at,username) VALUES ('384','2024-02-17 09:06:00','Quin');
INSERT INTO orders(order_id,created_at,username) VALUES ('385','2024-02-17 09:11:00','Rae');
INSERT INTO orders(order_id,created_at,username) VALUES ('386','2024-02-17 09:16:00','Sam');
INSERT INTO orders(order_id,created_at,username) VALUES ('387','2024-02-17 09:21:00','Ty');
INSERT INTO orders(order_id,created_at,username) VALUES ('388','2024-02-17 09:27:00','Uma');
INSERT INTO orders(order_id,created_at,username) VALUES ('389','2024-02-17 09:32:00','Val');
INSERT INTO orders(order_id,created_at,username) VALUES ('390','2024-02-17 09:37:00','Wes');
INSERT INTO orders(order_id,created_at,username) VALUES ('391','2024-02-17 09:42:00','Xi');
INSERT INTO orders(order_id,created_at,username) VALUES ('392','2024-02-17 09:47:00','Yol');
INSERT INTO orders(order_id,created_at,username) VALUES ('393','2024-02-17 09:52:00','Zed');
INSERT INTO orders(order_id,created_at,username) VALUES ('394','2024-02-17 09:57:00','Amy');
INSERT INTO orders(order_id,created_at,username) VALUES ('395','2024-02-17 10:24:00','Alex');
INSERT INTO orders(order_id,created_at,username) VALUES ('396','2024-02-17 10:40:00','Brooke');
INSERT INTO orders(order_id,created_at,username) VALUES ('397','2024-02-17 10:56:00','Charles');
INSERT INTO orders(order_id,created_at,username) VALUES ('398','2024-02-17 11:12:00','Dana');
INSERT INTO orders(order_id,created_at,username) VALUES ('399','2024-02-17 11:28:00','Evan');
INSERT INTO orders(order_id,created_at,username) VALUES ('400','2024-02-17 11:44:00','Fiona');
INSERT INTO orders(order_id,created_at,username) VALUES ('401','2024-02-17 12:00:00','George');
INSERT INTO orders(order_id,created_at,username) VALUES ('402','2024-02-17 12:16:00','Heidi');
INSERT INTO orders(order_id,created_at,username) VALUES ('403','2024-02-17 12:00:00','Ivy');
INSERT INTO orders(order_id,created_at,username) VALUES ('404','2024-02-17 12:07:00','Jack');
INSERT INTO orders(order_id,created_at,username) VALUES ('405','2024-02-17 12:14:00','Kiera');
INSERT INTO orders(order_id,created_at,username) VALUES ('406','2024-02-17 12:21:00','Leo');
INSERT INTO orders(order_id,created_at,username) VALUES ('407','2024-02-17 12:28:00','Mia');
INSERT INTO orders(order_id,created_at,username) VALUES ('408','2024-02-17 12:35:00','Noah');
INSERT INTO orders(order_id,created_at,username) VALUES ('409','2024-02-17 12:42:00','Olivia');
INSERT INTO orders(order_id,created_at,username) VALUES ('410','2024-02-17 12:49:00','Pete');
INSERT INTO orders(order_id,created_at,username) VALUES ('411','2024-02-17 12:56:00','Quinn');
INSERT INTO orders(order_id,created_at,username) VALUES ('412','2024-02-17 13:03:00','Rachel');
INSERT INTO orders(order_id,created_at,username) VALUES ('413','2024-02-17 13:10:00','Sam');
INSERT INTO orders(order_id,created_at,username) VALUES ('414','2024-02-17 13:17:00','Tina');
INSERT INTO orders(order_id,created_at,username) VALUES ('415','2024-02-17 13:24:00','Umar');
INSERT INTO orders(order_id,created_at,username) VALUES ('416','2024-02-17 13:31:00','Vivian');
INSERT INTO orders(order_id,created_at,username) VALUES ('417','2024-02-17 13:38:00','Wendy');
INSERT INTO orders(order_id,created_at,username) VALUES ('418','2024-02-17 13:45:00','Xavier');
INSERT INTO orders(order_id,created_at,username) VALUES ('419','2024-02-17 13:52:00','Yolanda');
INSERT INTO orders(order_id,created_at,username) VALUES ('420','2024-02-17 13:59:00','Zack');
INSERT INTO orders(order_id,created_at,username) VALUES ('421','2024-02-17 14:06:00','Amelia');
INSERT INTO orders(order_id,created_at,username) VALUES ('422','2024-02-17 14:13:00','Brad');
INSERT INTO orders(order_id,created_at,username) VALUES ('423','2024-02-17 14:20:00','Chloe');
INSERT INTO orders(order_id,created_at,username) VALUES ('424','2024-02-17 14:27:00','Derek');
INSERT INTO orders(order_id,created_at,username) VALUES ('425','2024-02-17 14:34:00','Eva');
INSERT INTO orders(order_id,created_at,username) VALUES ('426','2024-02-17 14:41:00','Fred');
INSERT INTO orders(order_id,created_at,username) VALUES ('427','2024-02-17 14:48:00','Gina');
INSERT INTO orders(order_id,created_at,username) VALUES ('428','2024-02-17 14:55:00','Hugh');
INSERT INTO orders(order_id,created_at,username) VALUES ('429','2024-02-17 15:02:00','Iris');
INSERT INTO orders(order_id,created_at,username) VALUES ('430','2024-02-17 15:23:00','Liam');
INSERT INTO orders(order_id,created_at,username) VALUES ('431','2024-02-17 15:39:00','Mia');
INSERT INTO orders(order_id,created_at,username) VALUES ('432','2024-02-17 15:55:00','Fred');
INSERT INTO orders(order_id,created_at,username) VALUES ('433','2024-02-17 16:11:00','Gina');
INSERT INTO orders(order_id,created_at,username) VALUES ('434','2024-02-17 16:27:00','Hugh');
INSERT INTO orders(order_id,created_at,username) VALUES ('435','2024-02-17 16:43:00','Iris');
INSERT INTO orders(order_id,created_at,username) VALUES ('436','2024-02-17 16:59:00','Jack');
INSERT INTO orders(order_id,created_at,username) VALUES ('437','2024-02-17 17:00:00','Kiera');


INSERT INTO ingredients(ing_id,ing_name,ing_weight,ing_meas,ing_price) VALUES ('ING001','Espresso beans',1000,'grams',12.00);
INSERT INTO ingredients(ing_id,ing_name,ing_weight,ing_meas,ing_price) VALUES ('ING002','Whole Milk',1000,'ml',1.20);
INSERT INTO ingredients(ing_id,ing_name,ing_weight,ing_meas,ing_price) VALUES ('ING003','Cheddar',500,'grams',7.45);
INSERT INTO ingredients(ing_id,ing_name,ing_weight,ing_meas,ing_price) VALUES ('ING004','Mozzarella',500,'grams',5.00);
INSERT INTO ingredients(ing_id,ing_name,ing_weight,ing_meas,ing_price) VALUES ('ING005','Whipped cream',300,'ml',1.35);
INSERT INTO ingredients(ing_id,ing_name,ing_weight,ing_meas,ing_price) VALUES ('ING006','Vanilla syrup',1000,'ml',14.52);
INSERT INTO ingredients(ing_id,ing_name,ing_weight,ing_meas,ing_price) VALUES ('ING007','Barista chocolate syrup',1000,'ml',8.49);
INSERT INTO ingredients(ing_id,ing_name,ing_weight,ing_meas,ing_price) VALUES ('ING008','Barista white chocolate syrup',1000,'ml',8.49);
INSERT INTO ingredients(ing_id,ing_name,ing_weight,ing_meas,ing_price) VALUES ('ING009','Barista caramel sauce',1000,'ml',8.49);
INSERT INTO ingredients(ing_id,ing_name,ing_weight,ing_meas,ing_price) VALUES ('ING010','Sugar',1000,'grams',1.50);
INSERT INTO ingredients(ing_id,ing_name,ing_weight,ing_meas,ing_price) VALUES ('ING011','Panini Bread',4,'units',1.35);
INSERT INTO ingredients(ing_id,ing_name,ing_weight,ing_meas,ing_price) VALUES ('ING012','Cocoa powder',1000,'grams',22.00);
INSERT INTO ingredients(ing_id,ing_name,ing_weight,ing_meas,ing_price) VALUES ('ING013','Chocolate',1000,'grams',10.50);
INSERT INTO ingredients(ing_id,ing_name,ing_weight,ing_meas,ing_price) VALUES ('ING014','Lemons',5,'units',1.50);
INSERT INTO ingredients(ing_id,ing_name,ing_weight,ing_meas,ing_price) VALUES ('ING015','Ham',1000,'grams',27.50);
INSERT INTO ingredients(ing_id,ing_name,ing_weight,ing_meas,ing_price) VALUES ('ING016','Salami',1000,'grams',15.49);
INSERT INTO ingredients(ing_id,ing_name,ing_weight,ing_meas,ing_price) VALUES ('ING017','Black Tea',1000,'grams',16.00);
INSERT INTO ingredients(ing_id,ing_name,ing_weight,ing_meas,ing_price) VALUES ('ING018','Vanilla extract',60,'ml',9.99);










INSERT INTO recipe_ingredients (rec_id, ing_id, quantity) VALUES ('HDR-CAP-MD', 'ING001', 8);
INSERT INTO recipe_ingredients (rec_id, ing_id, quantity) VALUES ('HDR-CAP-MD', 'ING002', 130);
INSERT INTO recipe_ingredients (rec_id, ing_id, quantity) VALUES ('HDR-CAP-LG', 'ING001', 10);
INSERT INTO recipe_ingredients (rec_id, ing_id, quantity) VALUES ('HDR-CAP-LG', 'ING002', 180);
INSERT INTO recipe_ingredients (rec_id, ing_id, quantity) VALUES ('HDR-LAT-MD', 'ING001', 8);
INSERT INTO recipe_ingredients (rec_id, ing_id, quantity) VALUES ('HDR-LAT-MD', 'ING002', 130);
INSERT INTO recipe_ingredients (rec_id, ing_id, quantity) VALUES ('HDR-LAT-LG', 'ING001', 10);
INSERT INTO recipe_ingredients (rec_id, ing_id, quantity) VALUES ('HDR-LAT-LG', 'ING002', 180);
INSERT INTO recipe_ingredients (rec_id, ing_id, quantity) VALUES ('HDR-FLT', 'ING001', 8);
INSERT INTO recipe_ingredients (rec_id, ing_id, quantity) VALUES ('HDR-FLT', 'ING002', 160);
INSERT INTO recipe_ingredients (rec_id, ing_id, quantity) VALUES ('HDR-CRM-MD', 'ING001', 8);
INSERT INTO recipe_ingredients (rec_id, ing_id, quantity) VALUES ('HDR-CRM-MD', 'ING002', 120);
INSERT INTO recipe_ingredients (rec_id, ing_id, quantity) VALUES ('HDR-CRM-MD', 'ING009', 20);
INSERT INTO recipe_ingredients (rec_id, ing_id, quantity) VALUES ('HDR-CRM-LG', 'ING001', 10);
INSERT INTO recipe_ingredients (rec_id, ing_id, quantity) VALUES ('HDR-CRM-LG', 'ING002', 160);
INSERT INTO recipe_ingredients (rec_id, ing_id, quantity) VALUES ('HDR-CRM-LG', 'ING009', 30);
INSERT INTO recipe_ingredients (rec_id, ing_id, quantity) VALUES ('HDR-ESP', 'ING001', 8);
INSERT INTO recipe_ingredients (rec_id, ing_id, quantity) VALUES ('HDR-MOC-MD', 'ING001', 8);
INSERT INTO recipe_ingredients (rec_id, ing_id, quantity) VALUES ('HDR-MOC-MD', 'ING002', 120);
INSERT INTO recipe_ingredients (rec_id, ing_id, quantity) VALUES ('HDR-MOC-MD', 'ING007', 20);
INSERT INTO recipe_ingredients (rec_id, ing_id, quantity) VALUES ('HDR-MOC-LG', 'ING001', 10);
INSERT INTO recipe_ingredients (rec_id, ing_id, quantity) VALUES ('HDR-MOC-LG', 'ING002', 160);
INSERT INTO recipe_ingredients (rec_id, ing_id, quantity) VALUES ('HDR-MOC-LG', 'ING007', 30);
INSERT INTO recipe_ingredients (rec_id, ing_id, quantity) VALUES ('HDR-WMO-MD', 'ING001', 8);
INSERT INTO recipe_ingredients (rec_id, ing_id, quantity) VALUES ('HDR-WMO-MD', 'ING002', 120);
INSERT INTO recipe_ingredients (rec_id, ing_id, quantity) VALUES ('HDR-WMO-MD', 'ING008', 20);
INSERT INTO recipe_ingredients (rec_id, ing_id, quantity) VALUES ('HDR-WMO-LG', 'ING001', 10);
INSERT INTO recipe_ingredients (rec_id, ing_id, quantity) VALUES ('HDR-WMO-LG', 'ING002', 160);
INSERT INTO recipe_ingredients (rec_id, ing_id, quantity) VALUES ('HDR-WMO-LG', 'ING008', 30);
INSERT INTO recipe_ingredients (rec_id, ing_id, quantity) VALUES ('HDR-HCH-MD', 'ING002', 130);
INSERT INTO recipe_ingredients (rec_id, ing_id, quantity) VALUES ('HDR-HCH-MD', 'ING012', 25);
INSERT INTO recipe_ingredients (rec_id, ing_id, quantity) VALUES ('HDR-HCH-MD', 'ING013', 20);
INSERT INTO recipe_ingredients (rec_id, ing_id, quantity) VALUES ('HDR-HCH-MD', 'ING005', 30);
INSERT INTO recipe_ingredients (rec_id, ing_id, quantity) VALUES ('HDR-HCH-LG', 'ING002', 180);
INSERT INTO recipe_ingredients (rec_id, ing_id, quantity) VALUES ('HDR-HCH-LG', 'ING012', 35);
INSERT INTO recipe_ingredients (rec_id, ing_id, quantity) VALUES ('HDR-HCH-LG', 'ING013', 30);
INSERT INTO recipe_ingredients (rec_id, ing_id, quantity) VALUES ('HDR-HCH-LG', 'ING005', 40);
INSERT INTO recipe_ingredients (rec_id, ing_id, quantity) VALUES ('CDR-CCF-MD', 'ING001', 8);
INSERT INTO recipe_ingredients (rec_id, ing_id, quantity) VALUES ('CDR-CCF-MD', 'ING002', 130);
INSERT INTO recipe_ingredients (rec_id, ing_id, quantity) VALUES ('CDR-CCF-LG', 'ING001', 10);
INSERT INTO recipe_ingredients (rec_id, ing_id, quantity) VALUES ('CDR-CCF-LG', 'ING002', 180);
INSERT INTO recipe_ingredients (rec_id, ing_id, quantity) VALUES ('CDR-CMO-MD', 'ING001', 8);
INSERT INTO recipe_ingredients (rec_id, ing_id, quantity) VALUES ('CDR-CMO-MD', 'ING002', 120);
INSERT INTO recipe_ingredients (rec_id, ing_id, quantity) VALUES ('CDR-CMO-MD', 'ING007', 20);
INSERT INTO recipe_ingredients (rec_id, ing_id, quantity) VALUES ('CDR-CMO-LG', 'ING001', 10);
INSERT INTO recipe_ingredients (rec_id, ing_id, quantity) VALUES ('CDR-CMO-LG', 'ING002', 160);
INSERT INTO recipe_ingredients (rec_id, ing_id, quantity) VALUES ('CDR-CMO-LG', 'ING007', 30);
INSERT INTO recipe_ingredients (rec_id, ing_id, quantity) VALUES ('CDR-ICT-MD', 'ING017', 10);
INSERT INTO recipe_ingredients (rec_id, ing_id, quantity) VALUES ('CDR-ICT-MD', 'ING010', 20);
INSERT INTO recipe_ingredients (rec_id, ing_id, quantity) VALUES ('CDR-ICT-LG', 'ING016', 15);
INSERT INTO recipe_ingredients (rec_id, ing_id, quantity) VALUES ('CDR-ICT-LG', 'ING010', 25);
INSERT INTO recipe_ingredients (rec_id, ing_id, quantity) VALUES ('CDR-LMN-MD', 'ING014', 1);
INSERT INTO recipe_ingredients (rec_id, ing_id, quantity) VALUES ('CDR-LMN-MD', 'ING010', 30);
INSERT INTO recipe_ingredients (rec_id, ing_id, quantity) VALUES ('CDR-LMN-LG', 'ING014', 1);
INSERT INTO recipe_ingredients (rec_id, ing_id, quantity) VALUES ('CDR-LMN-LG', 'ING010', 40);
INSERT INTO recipe_ingredients (rec_id, ing_id, quantity) VALUES ('SNK-SHC', 'ING011', 1);
INSERT INTO recipe_ingredients (rec_id, ing_id, quantity) VALUES ('SNK-SHC', 'ING015', 50);
INSERT INTO recipe_ingredients (rec_id, ing_id, quantity) VALUES ('SNK-SHC', 'ING003', 20);
INSERT INTO recipe_ingredients (rec_id, ing_id, quantity) VALUES ('SNK-SSM', 'ING011', 1);
INSERT INTO recipe_ingredients (rec_id, ing_id, quantity) VALUES ('SNK-SSM', 'ING016', 50);
INSERT INTO recipe_ingredients (rec_id, ing_id, quantity) VALUES ('SNK-SSM', 'ING004', 20);









INSERT INTO items_orders(order_id,item_id,quantity) VALUES ('001','It008','1');
INSERT INTO items_orders(order_id,item_id,quantity) VALUES ('002','It014','1');
INSERT INTO items_orders(order_id,item_id,quantity) VALUES ('003','It008','1');
INSERT INTO items_orders(order_id,item_id,quantity) VALUES ('004','It019','1');
INSERT INTO items_orders(order_id,item_id,quantity) VALUES ('005','It024','1');
INSERT INTO items_orders(order_id,item_id,quantity) VALUES ('006','It001','1');
INSERT INTO items_orders(order_id,item_id,quantity) VALUES ('006','It016','1');
INSERT INTO items_orders(order_id,item_id,quantity) VALUES ('007','It005','1');
INSERT INTO items_orders(order_id,item_id,quantity) VALUES ('007','It020','1');
INSERT INTO items_orders(order_id,item_id,quantity) VALUES ('008','It006','1');
INSERT INTO items_orders(order_id,item_id,quantity) VALUES ('008','It018','1');
INSERT INTO items_orders(order_id,item_id,quantity) VALUES ('009','It023','1');
INSERT INTO items_orders(order_id,item_id,quantity) VALUES ('009','It011','1');
INSERT INTO items_orders(order_id,item_id,quantity) VALUES ('010','It024','1');
INSERT INTO items_orders(order_id,item_id,quantity) VALUES ('010','It014','1');
INSERT INTO items_orders(order_id,item_id,quantity) VALUES ('011','It003','1');
INSERT INTO items_orders(order_id,item_id,quantity) VALUES ('012','It007','1');
INSERT INTO items_orders(order_id,item_id,quantity) VALUES ('013','It009','1');
INSERT INTO items_orders(order_id,item_id,quantity) VALUES ('013','It021','1');
INSERT INTO items_orders(order_id,item_id,quantity) VALUES ('014','It012','1');
INSERT INTO items_orders(order_id,item_id,quantity) VALUES ('014','It022','1');
INSERT INTO items_orders(order_id,item_id,quantity) VALUES ('015','It004','1');
INSERT INTO items_orders(order_id,item_id,quantity) VALUES ('016','It002','1');
INSERT INTO items_orders(order_id,item_id,quantity) VALUES ('017','It001','1');
INSERT INTO items_orders(order_id,item_id,quantity) VALUES ('018','It014','1');
INSERT INTO items_orders(order_id,item_id,quantity) VALUES ('019','It011','1');
INSERT INTO items_orders(order_id,item_id,quantity) VALUES ('020','It017','1');
INSERT INTO items_orders(order_id,item_id,quantity) VALUES ('020','It020','1');
INSERT INTO items_orders(order_id,item_id,quantity) VALUES ('021','It005','1');
INSERT INTO items_orders(order_id,item_id,quantity) VALUES ('022','It006','1');
INSERT INTO items_orders(order_id,item_id,quantity) VALUES ('022','It014','1');
INSERT INTO items_orders(order_id,item_id,quantity) VALUES ('023','It008','1');
INSERT INTO items_orders(order_id,item_id,quantity) VALUES ('024','It016','1');
INSERT INTO items_orders(order_id,item_id,quantity) VALUES ('025','It006','1');
INSERT INTO items_orders(order_id,item_id,quantity) VALUES ('026','It019','1');
INSERT INTO items_orders(order_id,item_id,quantity) VALUES ('027','It009','1');
INSERT INTO items_orders(order_id,item_id,quantity) VALUES ('028','It001','1');
INSERT INTO items_orders(order_id,item_id,quantity) VALUES ('028','It016','1');
INSERT INTO items_orders(order_id,item_id,quantity) VALUES ('029','It005','1');
INSERT INTO items_orders(order_id,item_id,quantity) VALUES ('029','It020','1');
INSERT INTO items_orders(order_id,item_id,quantity) VALUES ('029','It012','1');
INSERT INTO items_orders(order_id,item_id,quantity) VALUES ('030','It004','1');
INSERT INTO items_orders(order_id,item_id,quantity) VALUES ('031','It021','1');
INSERT INTO items_orders(order_id,item_id,quantity) VALUES ('032','It007','1');
INSERT INTO items_orders(order_id,item_id,quantity) VALUES ('033','It010','1');
INSERT INTO items_orders(order_id,item_id,quantity) VALUES ('034','It017','1');
INSERT INTO items_orders(order_id,item_id,quantity) VALUES ('035','It009','1');
INSERT INTO items_orders(order_id,item_id,quantity) VALUES ('036','It018','1');
INSERT INTO items_orders(order_id,item_id,quantity) VALUES ('037','It005','1');
INSERT INTO items_orders(order_id,item_id,quantity) VALUES ('037','It002','1');
INSERT INTO items_orders(order_id,item_id,quantity) VALUES ('038','It015','1');
INSERT INTO items_orders(order_id,item_id,quantity) VALUES ('038','It003','1');
INSERT INTO items_orders(order_id,item_id,quantity) VALUES ('038','It016','1');
INSERT INTO items_orders(order_id,item_id,quantity) VALUES ('039','It005','1');
INSERT INTO items_orders(order_id,item_id,quantity) VALUES ('039','It020','1');
INSERT INTO items_orders(order_id,item_id,quantity) VALUES ('040','It006','1');
INSERT INTO items_orders(order_id,item_id,quantity) VALUES ('040','It018','1');
INSERT INTO items_orders(order_id,item_id,quantity) VALUES ('041','It023','1');
INSERT INTO items_orders(order_id,item_id,quantity) VALUES ('041','It011','1');
INSERT INTO items_orders(order_id,item_id,quantity) VALUES ('042','It004','1');
INSERT INTO items_orders(order_id,item_id,quantity) VALUES ('043','It022','1');
INSERT INTO items_orders(order_id,item_id,quantity) VALUES ('044','It018','1');
INSERT INTO items_orders(order_id,item_id,quantity) VALUES ('045','It017','1');
INSERT INTO items_orders(order_id,item_id,quantity) VALUES ('046','It009','1');
INSERT INTO items_orders(order_id,item_id,quantity) VALUES ('047','It009','1');
INSERT INTO items_orders(order_id,item_id,quantity) VALUES ('048','It012','1');
INSERT INTO items_orders(order_id,item_id,quantity) VALUES ('049','It005','1');
INSERT INTO items_orders(order_id,item_id,quantity) VALUES ('050','It019','1');
INSERT INTO items_orders(order_id,item_id,quantity) VALUES ('051','It020','1');
INSERT INTO items_orders(order_id,item_id,quantity) VALUES ('052','It021','1');
INSERT INTO items_orders(order_id,item_id,quantity) VALUES ('053','It014','1');
INSERT INTO items_orders(order_id,item_id,quantity) VALUES ('054','It016','1');
INSERT INTO items_orders(order_id,item_id,quantity) VALUES ('055','It023','1');
INSERT INTO items_orders(order_id,item_id,quantity) VALUES ('056','It020','1');
INSERT INTO items_orders(order_id,item_id,quantity) VALUES ('057','It013','1');
INSERT INTO items_orders(order_id,item_id,quantity) VALUES ('058','It001','1');
INSERT INTO items_orders(order_id,item_id,quantity) VALUES ('059','It003','1');
INSERT INTO items_orders(order_id,item_id,quantity) VALUES ('060','It008','1');
INSERT INTO items_orders(order_id,item_id,quantity) VALUES ('061','It002','1');
INSERT INTO items_orders(order_id,item_id,quantity) VALUES ('061','It007','1');
INSERT INTO items_orders(order_id,item_id,quantity) VALUES ('062','It019','1');
INSERT INTO items_orders(order_id,item_id,quantity) VALUES ('063','It021','1');
INSERT INTO items_orders(order_id,item_id,quantity) VALUES ('063','It005','1');
INSERT INTO items_orders(order_id,item_id,quantity) VALUES ('063','It014','1');
INSERT INTO items_orders(order_id,item_id,quantity) VALUES ('064','It004','1');
INSERT INTO items_orders(order_id,item_id,quantity) VALUES ('064','It003','1');
INSERT INTO items_orders(order_id,item_id,quantity) VALUES ('065','It012','1');
INSERT INTO items_orders(order_id,item_id,quantity) VALUES ('065','It009','1');
INSERT INTO items_orders(order_id,item_id,quantity) VALUES ('066','It018','1');
INSERT INTO items_orders(order_id,item_id,quantity) VALUES ('066','It022','1');
INSERT INTO items_orders(order_id,item_id,quantity) VALUES ('067','It011','1');
INSERT INTO items_orders(order_id,item_id,quantity) VALUES ('067','It015','1');
INSERT INTO items_orders(order_id,item_id,quantity) VALUES ('068','It006','1');
INSERT INTO items_orders(order_id,item_id,quantity) VALUES ('068','It022','1');
INSERT INTO items_orders(order_id,item_id,quantity) VALUES ('069','It010','1');
INSERT INTO items_orders(order_id,item_id,quantity) VALUES ('069','It024','1');
INSERT INTO items_orders(order_id,item_id,quantity) VALUES ('070','It001','1');
INSERT INTO items_orders(order_id,item_id,quantity) VALUES ('070','It017','1');
INSERT INTO items_orders(order_id,item_id,quantity) VALUES ('078','It020','1');
INSERT INTO items_orders(order_id,item_id,quantity) VALUES ('079','It021','1');
INSERT INTO items_orders(order_id,item_id,quantity) VALUES ('080','It004','1');
INSERT INTO items_orders(order_id,item_id,quantity) VALUES ('080','It013','1');
INSERT INTO items_orders(order_id,item_id,quantity) VALUES ('081','It018','1');
INSERT INTO items_orders(order_id,item_id,quantity) VALUES ('082','It007','1');
INSERT INTO items_orders(order_id,item_id,quantity) VALUES ('082','It011','1');
INSERT INTO items_orders(order_id,item_id,quantity) VALUES ('083','It013','1');
INSERT INTO items_orders(order_id,item_id,quantity) VALUES ('084','It009','1');
INSERT INTO items_orders(order_id,item_id,quantity) VALUES ('084','It003','1');
INSERT INTO items_orders(order_id,item_id,quantity) VALUES ('085','It014','1');
INSERT INTO items_orders(order_id,item_id,quantity) VALUES ('085','It022','1');
INSERT INTO items_orders(order_id,item_id,quantity) VALUES ('086','It005','1');
INSERT INTO items_orders(order_id,item_id,quantity) VALUES ('087','It017','1');
INSERT INTO items_orders(order_id,item_id,quantity) VALUES ('088','It012','1');
INSERT INTO items_orders(order_id,item_id,quantity) VALUES ('089','It001','1');
INSERT INTO items_orders(order_id,item_id,quantity) VALUES ('090','It002','1');
INSERT INTO items_orders(order_id,item_id,quantity) VALUES ('091','It004','1');
INSERT INTO items_orders(order_id,item_id,quantity) VALUES ('091','It024','3');
INSERT INTO items_orders(order_id,item_id,quantity) VALUES ('092','It017','1');
INSERT INTO items_orders(order_id,item_id,quantity) VALUES ('093','It023','1');
INSERT INTO items_orders(order_id,item_id,quantity) VALUES ('093','It011','1');
INSERT INTO items_orders(order_id,item_id,quantity) VALUES ('094','It006','1');
INSERT INTO items_orders(order_id,item_id,quantity) VALUES ('095','It021','1');
INSERT INTO items_orders(order_id,item_id,quantity) VALUES ('096','It015','1');
INSERT INTO items_orders(order_id,item_id,quantity) VALUES ('097','It008','1');
INSERT INTO items_orders(order_id,item_id,quantity) VALUES ('097','It024','1');
INSERT INTO items_orders(order_id,item_id,quantity) VALUES ('098','It001','1');
INSERT INTO items_orders(order_id,item_id,quantity) VALUES ('099','It019','1');
INSERT INTO items_orders(order_id,item_id,quantity) VALUES ('100','It003','1');
INSERT INTO items_orders(order_id,item_id,quantity) VALUES ('100','It024','3');
INSERT INTO items_orders(order_id,item_id,quantity) VALUES ('101','It022','1');
INSERT INTO items_orders(order_id,item_id,quantity) VALUES ('102','It018','1');
INSERT INTO items_orders(order_id,item_id,quantity) VALUES ('103','It005','1');
INSERT INTO items_orders(order_id,item_id,quantity) VALUES ('103','It012','1');
INSERT INTO items_orders(order_id,item_id,quantity) VALUES ('104','It010','1');
INSERT INTO items_orders(order_id,item_id,quantity) VALUES ('105','It007','1');
INSERT INTO items_orders(order_id,item_id,quantity) VALUES ('106','It024','3');
INSERT INTO items_orders(order_id,item_id,quantity) VALUES ('106','It020','1');
INSERT INTO items_orders(order_id,item_id,quantity) VALUES ('107','It014','1');
INSERT INTO items_orders(order_id,item_id,quantity) VALUES ('108','It009','1');
INSERT INTO items_orders(order_id,item_id,quantity) VALUES ('109','It002','1');
INSERT INTO items_orders(order_id,item_id,quantity) VALUES ('109','It016','1');
INSERT INTO items_orders(order_id,item_id,quantity) VALUES ('110','It013','1');
INSERT INTO items_orders(order_id,item_id,quantity) VALUES ('111','It024','3');
INSERT INTO items_orders(order_id,item_id,quantity) VALUES ('112','It004','1');
INSERT INTO items_orders(order_id,item_id,quantity) VALUES ('113','It021','1');
INSERT INTO items_orders(order_id,item_id,quantity) VALUES ('114','It006','1');
INSERT INTO items_orders(order_id,item_id,quantity) VALUES ('115','It019','1');
INSERT INTO items_orders(order_id,item_id,quantity) VALUES ('116','It003','1');
INSERT INTO items_orders(order_id,item_id,quantity) VALUES ('117','It022','1');
INSERT INTO items_orders(order_id,item_id,quantity) VALUES ('117','It012','1');
INSERT INTO items_orders(order_id,item_id,quantity) VALUES ('118','It018','1');
INSERT INTO items_orders(order_id,item_id,quantity) VALUES ('119','It005','1');
INSERT INTO items_orders(order_id,item_id,quantity) VALUES ('120','It024','3');
INSERT INTO items_orders(order_id,item_id,quantity) VALUES ('121','It014','1');
INSERT INTO items_orders(order_id,item_id,quantity) VALUES ('122','It009','1');
INSERT INTO items_orders(order_id,item_id,quantity) VALUES ('123','It024','3');
INSERT INTO items_orders(order_id,item_id,quantity) VALUES ('124','It005','1');
INSERT INTO items_orders(order_id,item_id,quantity) VALUES ('125','It014','1');
INSERT INTO items_orders(order_id,item_id,quantity) VALUES ('125','It023','1');
INSERT INTO items_orders(order_id,item_id,quantity) VALUES ('126','It018','1');
INSERT INTO items_orders(order_id,item_id,quantity) VALUES ('127','It002','1');
INSERT INTO items_orders(order_id,item_id,quantity) VALUES ('128','It011','1');
INSERT INTO items_orders(order_id,item_id,quantity) VALUES ('129','It024','3');
INSERT INTO items_orders(order_id,item_id,quantity) VALUES ('129','It020','1');
INSERT INTO items_orders(order_id,item_id,quantity) VALUES ('130','It008','1');
INSERT INTO items_orders(order_id,item_id,quantity) VALUES ('131','It022','1');
INSERT INTO items_orders(order_id,item_id,quantity) VALUES ('132','It004','1');
INSERT INTO items_orders(order_id,item_id,quantity) VALUES ('133','It015','1');
INSERT INTO items_orders(order_id,item_id,quantity) VALUES ('134','It024','3');
INSERT INTO items_orders(order_id,item_id,quantity) VALUES ('134','It018','1');
INSERT INTO items_orders(order_id,item_id,quantity) VALUES ('135','It007','1');
INSERT INTO items_orders(order_id,item_id,quantity) VALUES ('136','It020','1');
INSERT INTO items_orders(order_id,item_id,quantity) VALUES ('137','It003','1');
INSERT INTO items_orders(order_id,item_id,quantity) VALUES ('138','It016','1');
INSERT INTO items_orders(order_id,item_id,quantity) VALUES ('139','It009','1');
INSERT INTO items_orders(order_id,item_id,quantity) VALUES ('139','It024','3');
INSERT INTO items_orders(order_id,item_id,quantity) VALUES ('140','It012','1');
INSERT INTO items_orders(order_id,item_id,quantity) VALUES ('141','It001','1');
INSERT INTO items_orders(order_id,item_id,quantity) VALUES ('142','It019','1');
INSERT INTO items_orders(order_id,item_id,quantity) VALUES ('143','It005','1');
INSERT INTO items_orders(order_id,item_id,quantity) VALUES ('143','It011','1');
INSERT INTO items_orders(order_id,item_id,quantity) VALUES ('144','It024','3');
INSERT INTO items_orders(order_id,item_id,quantity) VALUES ('145','It010','1');
INSERT INTO items_orders(order_id,item_id,quantity) VALUES ('146','It024','1');
INSERT INTO items_orders(order_id,item_id,quantity) VALUES ('147','It017','1');
INSERT INTO items_orders(order_id,item_id,quantity) VALUES ('147','It021','1');
INSERT INTO items_orders(order_id,item_id,quantity) VALUES ('148','It006','1');
INSERT INTO items_orders(order_id,item_id,quantity) VALUES ('149','It023','1');
INSERT INTO items_orders(order_id,item_id,quantity) VALUES ('150','It002','1');
INSERT INTO items_orders(order_id,item_id,quantity) VALUES ('151','It018','1');
INSERT INTO items_orders(order_id,item_id,quantity) VALUES ('152','It005','1');
INSERT INTO items_orders(order_id,item_id,quantity) VALUES ('153','It024','3');
INSERT INTO items_orders(order_id,item_id,quantity) VALUES ('154','It011','1');
INSERT INTO items_orders(order_id,item_id,quantity) VALUES ('155','It004','1');
INSERT INTO items_orders(order_id,item_id,quantity) VALUES ('155','It024','3');
INSERT INTO items_orders(order_id,item_id,quantity) VALUES ('156','It014','1');
INSERT INTO items_orders(order_id,item_id,quantity) VALUES ('157','It021','1');
INSERT INTO items_orders(order_id,item_id,quantity) VALUES ('158','It007','1');
INSERT INTO items_orders(order_id,item_id,quantity) VALUES ('159','It001','1');
INSERT INTO items_orders(order_id,item_id,quantity) VALUES ('160','It014','1');
INSERT INTO items_orders(order_id,item_id,quantity) VALUES ('161','It024','3');
INSERT INTO items_orders(order_id,item_id,quantity) VALUES ('162','It008','1');
INSERT INTO items_orders(order_id,item_id,quantity) VALUES ('162','It022','1');
INSERT INTO items_orders(order_id,item_id,quantity) VALUES ('163','It017','1');
INSERT INTO items_orders(order_id,item_id,quantity) VALUES ('164','It005','1');
INSERT INTO items_orders(order_id,item_id,quantity) VALUES ('165','It023','1');
INSERT INTO items_orders(order_id,item_id,quantity) VALUES ('166','It011','1');
INSERT INTO items_orders(order_id,item_id,quantity) VALUES ('167','It019','1');
INSERT INTO items_orders(order_id,item_id,quantity) VALUES ('168','It003','1');
INSERT INTO items_orders(order_id,item_id,quantity) VALUES ('169','It024','3');
INSERT INTO items_orders(order_id,item_id,quantity) VALUES ('170','It006','1');
INSERT INTO items_orders(order_id,item_id,quantity) VALUES ('171','It020','1');
INSERT INTO items_orders(order_id,item_id,quantity) VALUES ('172','It010','1');
INSERT INTO items_orders(order_id,item_id,quantity) VALUES ('173','It024','3');
INSERT INTO items_orders(order_id,item_id,quantity) VALUES ('173','It007','1');
INSERT INTO items_orders(order_id,item_id,quantity) VALUES ('174','It013','1');
INSERT INTO items_orders(order_id,item_id,quantity) VALUES ('175','It024','3');
INSERT INTO items_orders(order_id,item_id,quantity) VALUES ('176','It004','1');
INSERT INTO items_orders(order_id,item_id,quantity) VALUES ('177','It016','1');
INSERT INTO items_orders(order_id,item_id,quantity) VALUES ('178','It024','1');
INSERT INTO items_orders(order_id,item_id,quantity) VALUES ('179','It012','1');
INSERT INTO items_orders(order_id,item_id,quantity) VALUES ('180','It009','1');
INSERT INTO items_orders(order_id,item_id,quantity) VALUES ('181','It002','1');
INSERT INTO items_orders(order_id,item_id,quantity) VALUES ('182','It018','1');
INSERT INTO items_orders(order_id,item_id,quantity) VALUES ('183','It021','1');
INSERT INTO items_orders(order_id,item_id,quantity) VALUES ('184','It015','1');
INSERT INTO items_orders(order_id,item_id,quantity) VALUES ('185','It007','1');
INSERT INTO items_orders(order_id,item_id,quantity) VALUES ('186','It024','3');
INSERT INTO items_orders(order_id,item_id,quantity) VALUES ('187','It001','1');
INSERT INTO items_orders(order_id,item_id,quantity) VALUES ('188','It024','1');
INSERT INTO items_orders(order_id,item_id,quantity) VALUES ('189','It018','1');
INSERT INTO items_orders(order_id,item_id,quantity) VALUES ('189','It022','1');
INSERT INTO items_orders(order_id,item_id,quantity) VALUES ('190','It012','1');
INSERT INTO items_orders(order_id,item_id,quantity) VALUES ('191','It003','1');
INSERT INTO items_orders(order_id,item_id,quantity) VALUES ('192','It016','1');
INSERT INTO items_orders(order_id,item_id,quantity) VALUES ('193','It009','1');
INSERT INTO items_orders(order_id,item_id,quantity) VALUES ('194','It024','3');
INSERT INTO items_orders(order_id,item_id,quantity) VALUES ('195','It005','1');
INSERT INTO items_orders(order_id,item_id,quantity) VALUES ('195','It011','1');
INSERT INTO items_orders(order_id,item_id,quantity) VALUES ('196','It014','1');
INSERT INTO items_orders(order_id,item_id,quantity) VALUES ('197','It020','1');
INSERT INTO items_orders(order_id,item_id,quantity) VALUES ('198','It006','1');
INSERT INTO items_orders(order_id,item_id,quantity) VALUES ('199','It022','1');
INSERT INTO items_orders(order_id,item_id,quantity) VALUES ('200','It017','1');
INSERT INTO items_orders(order_id,item_id,quantity) VALUES ('201','It010','1');
INSERT INTO items_orders(order_id,item_id,quantity) VALUES ('202','It024','1');
INSERT INTO items_orders(order_id,item_id,quantity) VALUES ('202','It008','1');
INSERT INTO items_orders(order_id,item_id,quantity) VALUES ('203','It001','1');
INSERT INTO items_orders(order_id,item_id,quantity) VALUES ('204','It019','1');
INSERT INTO items_orders(order_id,item_id,quantity) VALUES ('205','It013','1');
INSERT INTO items_orders(order_id,item_id,quantity) VALUES ('206','It024','3');
INSERT INTO items_orders(order_id,item_id,quantity) VALUES ('207','It004','1');
INSERT INTO items_orders(order_id,item_id,quantity) VALUES ('208','It021','1');
INSERT INTO items_orders(order_id,item_id,quantity) VALUES ('208','It002','1');
INSERT INTO items_orders(order_id,item_id,quantity) VALUES ('209','It018','1');
INSERT INTO items_orders(order_id,item_id,quantity) VALUES ('210','It024','3');
INSERT INTO items_orders(order_id,item_id,quantity) VALUES ('211','It007','1');
INSERT INTO items_orders(order_id,item_id,quantity) VALUES ('212','It012','1');
INSERT INTO items_orders(order_id,item_id,quantity) VALUES ('213','It024','3');
INSERT INTO items_orders(order_id,item_id,quantity) VALUES ('214','It015','1');
INSERT INTO items_orders(order_id,item_id,quantity) VALUES ('215','It002','1');
INSERT INTO items_orders(order_id,item_id,quantity) VALUES ('216','It024','1');
INSERT INTO items_orders(order_id,item_id,quantity) VALUES ('217','It018','1');
INSERT INTO items_orders(order_id,item_id,quantity) VALUES ('218','It011','1');
INSERT INTO items_orders(order_id,item_id,quantity) VALUES ('219','It005','1');
INSERT INTO items_orders(order_id,item_id,quantity) VALUES ('220','It017','1');
INSERT INTO items_orders(order_id,item_id,quantity) VALUES ('221','It009','1');
INSERT INTO items_orders(order_id,item_id,quantity) VALUES ('222','It024','3');
INSERT INTO items_orders(order_id,item_id,quantity) VALUES ('223','It003','1');
INSERT INTO items_orders(order_id,item_id,quantity) VALUES ('224','It017','1');
INSERT INTO items_orders(order_id,item_id,quantity) VALUES ('224','It021','1');
INSERT INTO items_orders(order_id,item_id,quantity) VALUES ('225','It006','1');
INSERT INTO items_orders(order_id,item_id,quantity) VALUES ('226','It024','3');
INSERT INTO items_orders(order_id,item_id,quantity) VALUES ('227','It011','1');
INSERT INTO items_orders(order_id,item_id,quantity) VALUES ('227','It014','1');
INSERT INTO items_orders(order_id,item_id,quantity) VALUES ('228','It001','1');
INSERT INTO items_orders(order_id,item_id,quantity) VALUES ('229','It019','1');
INSERT INTO items_orders(order_id,item_id,quantity) VALUES ('230','It024','1');
INSERT INTO items_orders(order_id,item_id,quantity) VALUES ('231','It005','1');
INSERT INTO items_orders(order_id,item_id,quantity) VALUES ('231','It008','1');
INSERT INTO items_orders(order_id,item_id,quantity) VALUES ('232','It010','1');
INSERT INTO items_orders(order_id,item_id,quantity) VALUES ('233','It013','1');
INSERT INTO items_orders(order_id,item_id,quantity) VALUES ('234','It016','1');
INSERT INTO items_orders(order_id,item_id,quantity) VALUES ('234','It022','1');
INSERT INTO items_orders(order_id,item_id,quantity) VALUES ('235','It024','3');
INSERT INTO items_orders(order_id,item_id,quantity) VALUES ('236','It007','1');
INSERT INTO items_orders(order_id,item_id,quantity) VALUES ('237','It018','1');
INSERT INTO items_orders(order_id,item_id,quantity) VALUES ('238','It004','1');
INSERT INTO items_orders(order_id,item_id,quantity) VALUES ('238','It024','3');
INSERT INTO items_orders(order_id,item_id,quantity) VALUES ('239','It009','1');
INSERT INTO items_orders(order_id,item_id,quantity) VALUES ('240','It002','1');
INSERT INTO items_orders(order_id,item_id,quantity) VALUES ('241','It020','1');
INSERT INTO items_orders(order_id,item_id,quantity) VALUES ('242','It012','1');
INSERT INTO items_orders(order_id,item_id,quantity) VALUES ('243','It015','1');
INSERT INTO items_orders(order_id,item_id,quantity) VALUES ('243','It024','3');
INSERT INTO items_orders(order_id,item_id,quantity) VALUES ('244','It023','1');
INSERT INTO items_orders(order_id,item_id,quantity) VALUES ('245','It008','1');
INSERT INTO items_orders(order_id,item_id,quantity) VALUES ('246','It012','1');
INSERT INTO items_orders(order_id,item_id,quantity) VALUES ('247','It021','1');
INSERT INTO items_orders(order_id,item_id,quantity) VALUES ('248','It004','1');
INSERT INTO items_orders(order_id,item_id,quantity) VALUES ('249','It024','3');
INSERT INTO items_orders(order_id,item_id,quantity) VALUES ('250','It009','1');
INSERT INTO items_orders(order_id,item_id,quantity) VALUES ('251','It018','1');
INSERT INTO items_orders(order_id,item_id,quantity) VALUES ('251','It022','1');
INSERT INTO items_orders(order_id,item_id,quantity) VALUES ('252','It006','1');
INSERT INTO items_orders(order_id,item_id,quantity) VALUES ('253','It016','1');
INSERT INTO items_orders(order_id,item_id,quantity) VALUES ('254','It001','1');
INSERT INTO items_orders(order_id,item_id,quantity) VALUES ('255','It007','1');
INSERT INTO items_orders(order_id,item_id,quantity) VALUES ('256','It019','1');
INSERT INTO items_orders(order_id,item_id,quantity) VALUES ('256','It023','1');
INSERT INTO items_orders(order_id,item_id,quantity) VALUES ('257','It002','1');
INSERT INTO items_orders(order_id,item_id,quantity) VALUES ('258','It015','1');
INSERT INTO items_orders(order_id,item_id,quantity) VALUES ('259','It010','1');
INSERT INTO items_orders(order_id,item_id,quantity) VALUES ('260','It024','3');
INSERT INTO items_orders(order_id,item_id,quantity) VALUES ('261','It005','1');
INSERT INTO items_orders(order_id,item_id,quantity) VALUES ('262','It013','1');
INSERT INTO items_orders(order_id,item_id,quantity) VALUES ('263','It020','1');
INSERT INTO items_orders(order_id,item_id,quantity) VALUES ('263','It008','1');
INSERT INTO items_orders(order_id,item_id,quantity) VALUES ('264','It024','1');
INSERT INTO items_orders(order_id,item_id,quantity) VALUES ('265','It011','1');
INSERT INTO items_orders(order_id,item_id,quantity) VALUES ('266','It017','1');
INSERT INTO items_orders(order_id,item_id,quantity) VALUES ('267','It003','1');
INSERT INTO items_orders(order_id,item_id,quantity) VALUES ('268','It014','1');
INSERT INTO items_orders(order_id,item_id,quantity) VALUES ('269','It001','1');
INSERT INTO items_orders(order_id,item_id,quantity) VALUES ('270','It009','1');
INSERT INTO items_orders(order_id,item_id,quantity) VALUES ('271','It018','1');
INSERT INTO items_orders(order_id,item_id,quantity) VALUES ('272','It004','1');
INSERT INTO items_orders(order_id,item_id,quantity) VALUES ('272','It024','3');
INSERT INTO items_orders(order_id,item_id,quantity) VALUES ('273','It021','1');
INSERT INTO items_orders(order_id,item_id,quantity) VALUES ('274','It006','1');
INSERT INTO items_orders(order_id,item_id,quantity) VALUES ('275','It022','1');
INSERT INTO items_orders(order_id,item_id,quantity) VALUES ('276','It012','1');
INSERT INTO items_orders(order_id,item_id,quantity) VALUES ('277','It024','3');
INSERT INTO items_orders(order_id,item_id,quantity) VALUES ('278','It016','1');
INSERT INTO items_orders(order_id,item_id,quantity) VALUES ('279','It024','3');
INSERT INTO items_orders(order_id,item_id,quantity) VALUES ('280','It008','1');
INSERT INTO items_orders(order_id,item_id,quantity) VALUES ('281','It002','1');
INSERT INTO items_orders(order_id,item_id,quantity) VALUES ('282','It017','1');
INSERT INTO items_orders(order_id,item_id,quantity) VALUES ('283','It011','1');
INSERT INTO items_orders(order_id,item_id,quantity) VALUES ('284','It024','1');
INSERT INTO items_orders(order_id,item_id,quantity) VALUES ('285','It005','1');
INSERT INTO items_orders(order_id,item_id,quantity) VALUES ('286','It020','1');
INSERT INTO items_orders(order_id,item_id,quantity) VALUES ('287','It014','1');
INSERT INTO items_orders(order_id,item_id,quantity) VALUES ('288','It024','3');
INSERT INTO items_orders(order_id,item_id,quantity) VALUES ('289','It009','1');
INSERT INTO items_orders(order_id,item_id,quantity) VALUES ('290','It005','1');
INSERT INTO items_orders(order_id,item_id,quantity) VALUES ('291','It012','1');
INSERT INTO items_orders(order_id,item_id,quantity) VALUES ('292','It018','1');
INSERT INTO items_orders(order_id,item_id,quantity) VALUES ('292','It022','1');
INSERT INTO items_orders(order_id,item_id,quantity) VALUES ('293','It004','1');
INSERT INTO items_orders(order_id,item_id,quantity) VALUES ('294','It024','3');
INSERT INTO items_orders(order_id,item_id,quantity) VALUES ('295','It011','1');
INSERT INTO items_orders(order_id,item_id,quantity) VALUES ('296','It015','1');
INSERT INTO items_orders(order_id,item_id,quantity) VALUES ('297','It001','1');
INSERT INTO items_orders(order_id,item_id,quantity) VALUES ('297','It006','1');
INSERT INTO items_orders(order_id,item_id,quantity) VALUES ('298','It019','1');
INSERT INTO items_orders(order_id,item_id,quantity) VALUES ('299','It023','1');
INSERT INTO items_orders(order_id,item_id,quantity) VALUES ('300','It009','1');
INSERT INTO items_orders(order_id,item_id,quantity) VALUES ('301','It003','1');
INSERT INTO items_orders(order_id,item_id,quantity) VALUES ('301','It020','1');
INSERT INTO items_orders(order_id,item_id,quantity) VALUES ('302','It007','1');
INSERT INTO items_orders(order_id,item_id,quantity) VALUES ('303','It013','1');
INSERT INTO items_orders(order_id,item_id,quantity) VALUES ('304','It024','3');
INSERT INTO items_orders(order_id,item_id,quantity) VALUES ('305','It010','1');
INSERT INTO items_orders(order_id,item_id,quantity) VALUES ('306','It008','1');
INSERT INTO items_orders(order_id,item_id,quantity) VALUES ('307','It002','1');
INSERT INTO items_orders(order_id,item_id,quantity) VALUES ('307','It014','1');
INSERT INTO items_orders(order_id,item_id,quantity) VALUES ('308','It017','1');
INSERT INTO items_orders(order_id,item_id,quantity) VALUES ('309','It024','1');
INSERT INTO items_orders(order_id,item_id,quantity) VALUES ('310','It021','1');
INSERT INTO items_orders(order_id,item_id,quantity) VALUES ('311','It016','1');
INSERT INTO items_orders(order_id,item_id,quantity) VALUES ('312','It024','3');
INSERT INTO items_orders(order_id,item_id,quantity) VALUES ('313','It024','3');
INSERT INTO items_orders(order_id,item_id,quantity) VALUES ('314','It001','1');
INSERT INTO items_orders(order_id,item_id,quantity) VALUES ('315','It003','1');
INSERT INTO items_orders(order_id,item_id,quantity) VALUES ('316','It020','1');
INSERT INTO items_orders(order_id,item_id,quantity) VALUES ('317','It008','1');
INSERT INTO items_orders(order_id,item_id,quantity) VALUES ('318','It017','1');
INSERT INTO items_orders(order_id,item_id,quantity) VALUES ('318','It024','3');
INSERT INTO items_orders(order_id,item_id,quantity) VALUES ('319','It012','1');
INSERT INTO items_orders(order_id,item_id,quantity) VALUES ('320','It006','1');
INSERT INTO items_orders(order_id,item_id,quantity) VALUES ('321','It024','1');
INSERT INTO items_orders(order_id,item_id,quantity) VALUES ('322','It011','1');
INSERT INTO items_orders(order_id,item_id,quantity) VALUES ('323','It022','1');
INSERT INTO items_orders(order_id,item_id,quantity) VALUES ('324','It005','1');
INSERT INTO items_orders(order_id,item_id,quantity) VALUES ('325','It009','1');
INSERT INTO items_orders(order_id,item_id,quantity) VALUES ('325','It013','1');
INSERT INTO items_orders(order_id,item_id,quantity) VALUES ('326','It018','1');
INSERT INTO items_orders(order_id,item_id,quantity) VALUES ('327','It001','1');
INSERT INTO items_orders(order_id,item_id,quantity) VALUES ('328','It024','3');
INSERT INTO items_orders(order_id,item_id,quantity) VALUES ('329','It004','1');
INSERT INTO items_orders(order_id,item_id,quantity) VALUES ('330','It010','1');
INSERT INTO items_orders(order_id,item_id,quantity) VALUES ('331','It017','1');
INSERT INTO items_orders(order_id,item_id,quantity) VALUES ('331','It023','1');
INSERT INTO items_orders(order_id,item_id,quantity) VALUES ('332','It006','1');
INSERT INTO items_orders(order_id,item_id,quantity) VALUES ('333','It014','1');
INSERT INTO items_orders(order_id,item_id,quantity) VALUES ('334','It024','3');
INSERT INTO items_orders(order_id,item_id,quantity) VALUES ('335','It008','1');
INSERT INTO items_orders(order_id,item_id,quantity) VALUES ('336','It020','1');
INSERT INTO items_orders(order_id,item_id,quantity) VALUES ('337','It012','1');
INSERT INTO items_orders(order_id,item_id,quantity) VALUES ('338','It019','1');
INSERT INTO items_orders(order_id,item_id,quantity) VALUES ('339','It003','1');
INSERT INTO items_orders(order_id,item_id,quantity) VALUES ('340','It007','1');
INSERT INTO items_orders(order_id,item_id,quantity) VALUES ('341','It015','1');
INSERT INTO items_orders(order_id,item_id,quantity) VALUES ('341','It024','1');
INSERT INTO items_orders(order_id,item_id,quantity) VALUES ('342','It002','1');
INSERT INTO items_orders(order_id,item_id,quantity) VALUES ('343','It021','1');
INSERT INTO items_orders(order_id,item_id,quantity) VALUES ('344','It011','1');
INSERT INTO items_orders(order_id,item_id,quantity) VALUES ('345','It024','3');
INSERT INTO items_orders(order_id,item_id,quantity) VALUES ('346','It016','1');
INSERT INTO items_orders(order_id,item_id,quantity) VALUES ('347','It005','1');
INSERT INTO items_orders(order_id,item_id,quantity) VALUES ('348','It022','1');
INSERT INTO items_orders(order_id,item_id,quantity) VALUES ('349','It009','1');
INSERT INTO items_orders(order_id,item_id,quantity) VALUES ('350','It024','3');
INSERT INTO items_orders(order_id,item_id,quantity) VALUES ('351','It018','1');
INSERT INTO items_orders(order_id,item_id,quantity) VALUES ('352','It003','1');
INSERT INTO items_orders(order_id,item_id,quantity) VALUES ('353','It014','1');
INSERT INTO items_orders(order_id,item_id,quantity) VALUES ('354','It022','1');
INSERT INTO items_orders(order_id,item_id,quantity) VALUES ('355','It009','1');
INSERT INTO items_orders(order_id,item_id,quantity) VALUES ('356','It005','1');
INSERT INTO items_orders(order_id,item_id,quantity) VALUES ('357','It018','1');
INSERT INTO items_orders(order_id,item_id,quantity) VALUES ('358','It001','1');
INSERT INTO items_orders(order_id,item_id,quantity) VALUES ('359','It014','1');
INSERT INTO items_orders(order_id,item_id,quantity) VALUES ('360','It001','1');
INSERT INTO items_orders(order_id,item_id,quantity) VALUES ('361','It017','1');
INSERT INTO items_orders(order_id,item_id,quantity) VALUES ('361','It023','1');
INSERT INTO items_orders(order_id,item_id,quantity) VALUES ('362','It004','1');
INSERT INTO items_orders(order_id,item_id,quantity) VALUES ('363','It024','3');
INSERT INTO items_orders(order_id,item_id,quantity) VALUES ('363','It020','1');
INSERT INTO items_orders(order_id,item_id,quantity) VALUES ('364','It009','1');
INSERT INTO items_orders(order_id,item_id,quantity) VALUES ('365','It014','1');
INSERT INTO items_orders(order_id,item_id,quantity) VALUES ('365','It007','1');
INSERT INTO items_orders(order_id,item_id,quantity) VALUES ('366','It022','1');
INSERT INTO items_orders(order_id,item_id,quantity) VALUES ('367','It005','1');
INSERT INTO items_orders(order_id,item_id,quantity) VALUES ('368','It012','1');
INSERT INTO items_orders(order_id,item_id,quantity) VALUES ('368','It018','1');
INSERT INTO items_orders(order_id,item_id,quantity) VALUES ('369','It024','3');
INSERT INTO items_orders(order_id,item_id,quantity) VALUES ('370','It003','1');
INSERT INTO items_orders(order_id,item_id,quantity) VALUES ('371','It016','1');
INSERT INTO items_orders(order_id,item_id,quantity) VALUES ('371','It008','1');
INSERT INTO items_orders(order_id,item_id,quantity) VALUES ('372','It011','1');
INSERT INTO items_orders(order_id,item_id,quantity) VALUES ('373','It024','1');
INSERT INTO items_orders(order_id,item_id,quantity) VALUES ('374','It006','1');
INSERT INTO items_orders(order_id,item_id,quantity) VALUES ('374','It021','1');
INSERT INTO items_orders(order_id,item_id,quantity) VALUES ('375','It010','1');
INSERT INTO items_orders(order_id,item_id,quantity) VALUES ('376','It024','3');
INSERT INTO items_orders(order_id,item_id,quantity) VALUES ('377','It013','1');
INSERT INTO items_orders(order_id,item_id,quantity) VALUES ('377','It019','1');
INSERT INTO items_orders(order_id,item_id,quantity) VALUES ('378','It002','1');
INSERT INTO items_orders(order_id,item_id,quantity) VALUES ('379','It024','3');
INSERT INTO items_orders(order_id,item_id,quantity) VALUES ('380','It015','1');
INSERT INTO items_orders(order_id,item_id,quantity) VALUES ('381','It007','1');
INSERT INTO items_orders(order_id,item_id,quantity) VALUES ('381','It023','1');
INSERT INTO items_orders(order_id,item_id,quantity) VALUES ('382','It001','1');
INSERT INTO items_orders(order_id,item_id,quantity) VALUES ('383','It017','1');
INSERT INTO items_orders(order_id,item_id,quantity) VALUES ('384','It004','1');
INSERT INTO items_orders(order_id,item_id,quantity) VALUES ('384','It020','1');
INSERT INTO items_orders(order_id,item_id,quantity) VALUES ('385','It009','1');
INSERT INTO items_orders(order_id,item_id,quantity) VALUES ('386','It024','3');
INSERT INTO items_orders(order_id,item_id,quantity) VALUES ('387','It012','1');
INSERT INTO items_orders(order_id,item_id,quantity) VALUES ('388','It018','1');
INSERT INTO items_orders(order_id,item_id,quantity) VALUES ('388','It022','1');
INSERT INTO items_orders(order_id,item_id,quantity) VALUES ('389','It005','1');
INSERT INTO items_orders(order_id,item_id,quantity) VALUES ('390','It011','1');
INSERT INTO items_orders(order_id,item_id,quantity) VALUES ('391','It024','3');
INSERT INTO items_orders(order_id,item_id,quantity) VALUES ('392','It003','1');
INSERT INTO items_orders(order_id,item_id,quantity) VALUES ('393','It016','1');
INSERT INTO items_orders(order_id,item_id,quantity) VALUES ('393','It024','1');
INSERT INTO items_orders(order_id,item_id,quantity) VALUES ('394','It008','1');
INSERT INTO items_orders(order_id,item_id,quantity) VALUES ('394','It016','1');
INSERT INTO items_orders(order_id,item_id,quantity) VALUES ('395','It024','1');
INSERT INTO items_orders(order_id,item_id,quantity) VALUES ('395','It008','1');
INSERT INTO items_orders(order_id,item_id,quantity) VALUES ('396','It002','1');
INSERT INTO items_orders(order_id,item_id,quantity) VALUES ('397','It010','1');
INSERT INTO items_orders(order_id,item_id,quantity) VALUES ('398','It005','1');
INSERT INTO items_orders(order_id,item_id,quantity) VALUES ('399','It024','3');
INSERT INTO items_orders(order_id,item_id,quantity) VALUES ('400','It013','1');
INSERT INTO items_orders(order_id,item_id,quantity) VALUES ('401','It021','1');
INSERT INTO items_orders(order_id,item_id,quantity) VALUES ('402','It017','1');
INSERT INTO items_orders(order_id,item_id,quantity) VALUES ('403','It022','1');
INSERT INTO items_orders(order_id,item_id,quantity) VALUES ('404','It004','1');
INSERT INTO items_orders(order_id,item_id,quantity) VALUES ('404','It006','1');
INSERT INTO items_orders(order_id,item_id,quantity) VALUES ('405','It018','1');
INSERT INTO items_orders(order_id,item_id,quantity) VALUES ('406','It011','1');
INSERT INTO items_orders(order_id,item_id,quantity) VALUES ('407','It023','1');
INSERT INTO items_orders(order_id,item_id,quantity) VALUES ('407','It024','3');
INSERT INTO items_orders(order_id,item_id,quantity) VALUES ('408','It009','1');
INSERT INTO items_orders(order_id,item_id,quantity) VALUES ('409','It015','1');
INSERT INTO items_orders(order_id,item_id,quantity) VALUES ('410','It024','3');
INSERT INTO items_orders(order_id,item_id,quantity) VALUES ('411','It003','1');
INSERT INTO items_orders(order_id,item_id,quantity) VALUES ('412','It020','1');
INSERT INTO items_orders(order_id,item_id,quantity) VALUES ('412','It014','1');
INSERT INTO items_orders(order_id,item_id,quantity) VALUES ('413','It001','1');
INSERT INTO items_orders(order_id,item_id,quantity) VALUES ('414','It008','1');
INSERT INTO items_orders(order_id,item_id,quantity) VALUES ('415','It017','1');
INSERT INTO items_orders(order_id,item_id,quantity) VALUES ('416','It005','1');
INSERT INTO items_orders(order_id,item_id,quantity) VALUES ('417','It012','1');
INSERT INTO items_orders(order_id,item_id,quantity) VALUES ('417','It024','1');
INSERT INTO items_orders(order_id,item_id,quantity) VALUES ('418','It010','1');
INSERT INTO items_orders(order_id,item_id,quantity) VALUES ('419','It024','3');
INSERT INTO items_orders(order_id,item_id,quantity) VALUES ('420','It019','1');
INSERT INTO items_orders(order_id,item_id,quantity) VALUES ('421','It007','1');
INSERT INTO items_orders(order_id,item_id,quantity) VALUES ('422','It002','1');
INSERT INTO items_orders(order_id,item_id,quantity) VALUES ('423','It013','1');
INSERT INTO items_orders(order_id,item_id,quantity) VALUES ('424','It021','1');
INSERT INTO items_orders(order_id,item_id,quantity) VALUES ('424','It016','1');
INSERT INTO items_orders(order_id,item_id,quantity) VALUES ('425','It024','3');
INSERT INTO items_orders(order_id,item_id,quantity) VALUES ('426','It009','1');
INSERT INTO items_orders(order_id,item_id,quantity) VALUES ('427','It006','1');
INSERT INTO items_orders(order_id,item_id,quantity) VALUES ('428','It023','1');
INSERT INTO items_orders(order_id,item_id,quantity) VALUES ('429','It018','1');
INSERT INTO items_orders(order_id,item_id,quantity) VALUES ('429','It011','1');
INSERT INTO items_orders(order_id,item_id,quantity) VALUES ('430','It015','1');
INSERT INTO items_orders(order_id,item_id,quantity) VALUES ('431','It024','3');
INSERT INTO items_orders(order_id,item_id,quantity) VALUES ('432','It009','1');
INSERT INTO items_orders(order_id,item_id,quantity) VALUES ('433','It023','1');
INSERT INTO items_orders(order_id,item_id,quantity) VALUES ('434','It006','1');
INSERT INTO items_orders(order_id,item_id,quantity) VALUES ('435','It018','1');
INSERT INTO items_orders(order_id,item_id,quantity) VALUES ('436','It002','1');
INSERT INTO items_orders(order_id,item_id,quantity) VALUES ('437','It024','3');
INSERT INTO items_orders(order_id,item_id,quantity) VALUES ('001','It008','2');
INSERT INTO items_orders(order_id,item_id,quantity) VALUES ('002','It014','2');
INSERT INTO items_orders(order_id,item_id,quantity) VALUES ('003','It008','2');
INSERT INTO items_orders(order_id,item_id,quantity) VALUES ('004','It019','2');
INSERT INTO items_orders(order_id,item_id,quantity) VALUES ('005','It024','2');
INSERT INTO items_orders(order_id,item_id,quantity) VALUES ('006','It001','2');
INSERT INTO items_orders(order_id,item_id,quantity) VALUES ('006','It016','2');
INSERT INTO items_orders(order_id,item_id,quantity) VALUES ('007','It005','2');
INSERT INTO items_orders(order_id,item_id,quantity) VALUES ('007','It020','2');
INSERT INTO items_orders(order_id,item_id,quantity) VALUES ('008','It006','2');
INSERT INTO items_orders(order_id,item_id,quantity) VALUES ('008','It018','2');
INSERT INTO items_orders(order_id,item_id,quantity) VALUES ('009','It023','2');
INSERT INTO items_orders(order_id,item_id,quantity) VALUES ('009','It011','2');
INSERT INTO items_orders(order_id,item_id,quantity) VALUES ('010','It024','2');
INSERT INTO items_orders(order_id,item_id,quantity) VALUES ('010','It014','2');
INSERT INTO items_orders(order_id,item_id,quantity) VALUES ('011','It003','2');
INSERT INTO items_orders(order_id,item_id,quantity) VALUES ('012','It007','2');
INSERT INTO items_orders(order_id,item_id,quantity) VALUES ('013','It009','2');
INSERT INTO items_orders(order_id,item_id,quantity) VALUES ('013','It021','2');
INSERT INTO items_orders(order_id,item_id,quantity) VALUES ('014','It012','2');
INSERT INTO items_orders(order_id,item_id,quantity) VALUES ('014','It022','2');
INSERT INTO items_orders(order_id,item_id,quantity) VALUES ('015','It004','2');
INSERT INTO items_orders(order_id,item_id,quantity) VALUES ('016','It002','2');
INSERT INTO items_orders(order_id,item_id,quantity) VALUES ('017','It001','2');
INSERT INTO items_orders(order_id,item_id,quantity) VALUES ('018','It014','2');
INSERT INTO items_orders(order_id,item_id,quantity) VALUES ('019','It011','2');
INSERT INTO items_orders(order_id,item_id,quantity) VALUES ('020','It017','2');
INSERT INTO items_orders(order_id,item_id,quantity) VALUES ('020','It020','2');
INSERT INTO items_orders(order_id,item_id,quantity) VALUES ('021','It005','2');
INSERT INTO items_orders(order_id,item_id,quantity) VALUES ('022','It006','2');
INSERT INTO items_orders(order_id,item_id,quantity) VALUES ('022','It014','2');
INSERT INTO items_orders(order_id,item_id,quantity) VALUES ('023','It008','2');
INSERT INTO items_orders(order_id,item_id,quantity) VALUES ('024','It016','2');
INSERT INTO items_orders(order_id,item_id,quantity) VALUES ('025','It006','2');
INSERT INTO items_orders(order_id,item_id,quantity) VALUES ('026','It019','2');
INSERT INTO items_orders(order_id,item_id,quantity) VALUES ('027','It009','2');
INSERT INTO items_orders(order_id,item_id,quantity) VALUES ('028','It001','2');
INSERT INTO items_orders(order_id,item_id,quantity) VALUES ('028','It016','2');
INSERT INTO items_orders(order_id,item_id,quantity) VALUES ('029','It005','2');
INSERT INTO items_orders(order_id,item_id,quantity) VALUES ('029','It020','2');
INSERT INTO items_orders(order_id,item_id,quantity) VALUES ('029','It012','2');
INSERT INTO items_orders(order_id,item_id,quantity) VALUES ('030','It004','2');
INSERT INTO items_orders(order_id,item_id,quantity) VALUES ('031','It021','2');
INSERT INTO items_orders(order_id,item_id,quantity) VALUES ('032','It007','2');
INSERT INTO items_orders(order_id,item_id,quantity) VALUES ('033','It010','2');
INSERT INTO items_orders(order_id,item_id,quantity) VALUES ('034','It017','2');
INSERT INTO items_orders(order_id,item_id,quantity) VALUES ('035','It009','2');
INSERT INTO items_orders(order_id,item_id,quantity) VALUES ('036','It018','2');
INSERT INTO items_orders(order_id,item_id,quantity) VALUES ('037','It005','2');
INSERT INTO items_orders(order_id,item_id,quantity) VALUES ('037','It002','2');
INSERT INTO items_orders(order_id,item_id,quantity) VALUES ('038','It015','2');
INSERT INTO items_orders(order_id,item_id,quantity) VALUES ('038','It003','2');
INSERT INTO items_orders(order_id,item_id,quantity) VALUES ('038','It016','2');
INSERT INTO items_orders(order_id,item_id,quantity) VALUES ('039','It005','2');
INSERT INTO items_orders(order_id,item_id,quantity) VALUES ('039','It020','2');
INSERT INTO items_orders(order_id,item_id,quantity) VALUES ('040','It006','2');
INSERT INTO items_orders(order_id,item_id,quantity) VALUES ('040','It018','2');
INSERT INTO items_orders(order_id,item_id,quantity) VALUES ('041','It023','2');
INSERT INTO items_orders(order_id,item_id,quantity) VALUES ('041','It011','2');
INSERT INTO items_orders(order_id,item_id,quantity) VALUES ('042','It004','2');
INSERT INTO items_orders(order_id,item_id,quantity) VALUES ('043','It022','2');
INSERT INTO items_orders(order_id,item_id,quantity) VALUES ('044','It018','2');
INSERT INTO items_orders(order_id,item_id,quantity) VALUES ('045','It017','2');
INSERT INTO items_orders(order_id,item_id,quantity) VALUES ('046','It009','2');
INSERT INTO items_orders(order_id,item_id,quantity) VALUES ('047','It009','2');
INSERT INTO items_orders(order_id,item_id,quantity) VALUES ('048','It012','2');
INSERT INTO items_orders(order_id,item_id,quantity) VALUES ('049','It005','2');
INSERT INTO items_orders(order_id,item_id,quantity) VALUES ('050','It019','2');
INSERT INTO items_orders(order_id,item_id,quantity) VALUES ('051','It020','2');
INSERT INTO items_orders(order_id,item_id,quantity) VALUES ('052','It021','2');
INSERT INTO items_orders(order_id,item_id,quantity) VALUES ('053','It014','2');
INSERT INTO items_orders(order_id,item_id,quantity) VALUES ('054','It016','2');
INSERT INTO items_orders(order_id,item_id,quantity) VALUES ('055','It023','2');
INSERT INTO items_orders(order_id,item_id,quantity) VALUES ('056','It020','2');
INSERT INTO items_orders(order_id,item_id,quantity) VALUES ('057','It013','2');
INSERT INTO items_orders(order_id,item_id,quantity) VALUES ('058','It001','2');
INSERT INTO items_orders(order_id,item_id,quantity) VALUES ('059','It003','2');
INSERT INTO items_orders(order_id,item_id,quantity) VALUES ('060','It008','2');
INSERT INTO items_orders(order_id,item_id,quantity) VALUES ('061','It002','2');
INSERT INTO items_orders(order_id,item_id,quantity) VALUES ('061','It007','2');
INSERT INTO items_orders(order_id,item_id,quantity) VALUES ('062','It019','2');
INSERT INTO items_orders(order_id,item_id,quantity) VALUES ('063','It021','2');
INSERT INTO items_orders(order_id,item_id,quantity) VALUES ('063','It005','2');
INSERT INTO items_orders(order_id,item_id,quantity) VALUES ('063','It014','2');
INSERT INTO items_orders(order_id,item_id,quantity) VALUES ('064','It004','2');
INSERT INTO items_orders(order_id,item_id,quantity) VALUES ('064','It003','2');
INSERT INTO items_orders(order_id,item_id,quantity) VALUES ('065','It012','2');
INSERT INTO items_orders(order_id,item_id,quantity) VALUES ('065','It009','2');
INSERT INTO items_orders(order_id,item_id,quantity) VALUES ('066','It018','2');
INSERT INTO items_orders(order_id,item_id,quantity) VALUES ('066','It022','2');
INSERT INTO items_orders(order_id,item_id,quantity) VALUES ('067','It011','2');
INSERT INTO items_orders(order_id,item_id,quantity) VALUES ('067','It015','2');
INSERT INTO items_orders(order_id,item_id,quantity) VALUES ('068','It006','2');
INSERT INTO items_orders(order_id,item_id,quantity) VALUES ('068','It022','2');
INSERT INTO items_orders(order_id,item_id,quantity) VALUES ('069','It010','2');
INSERT INTO items_orders(order_id,item_id,quantity) VALUES ('069','It024','2');
INSERT INTO items_orders(order_id,item_id,quantity) VALUES ('070','It001','2');
INSERT INTO items_orders(order_id,item_id,quantity) VALUES ('070','It017','2');
INSERT INTO items_orders(order_id,item_id,quantity) VALUES ('078','It020','2');
INSERT INTO items_orders(order_id,item_id,quantity) VALUES ('079','It021','2');
INSERT INTO items_orders(order_id,item_id,quantity) VALUES ('080','It004','2');
INSERT INTO items_orders(order_id,item_id,quantity) VALUES ('080','It013','2');
INSERT INTO items_orders(order_id,item_id,quantity) VALUES ('081','It018','2');
INSERT INTO items_orders(order_id,item_id,quantity) VALUES ('082','It007','2');
INSERT INTO items_orders(order_id,item_id,quantity) VALUES ('082','It011','2');
INSERT INTO items_orders(order_id,item_id,quantity) VALUES ('083','It013','2');
INSERT INTO items_orders(order_id,item_id,quantity) VALUES ('084','It009','2');
INSERT INTO items_orders(order_id,item_id,quantity) VALUES ('084','It003','2');
INSERT INTO items_orders(order_id,item_id,quantity) VALUES ('085','It014','2');
INSERT INTO items_orders(order_id,item_id,quantity) VALUES ('085','It022','2');
INSERT INTO items_orders(order_id,item_id,quantity) VALUES ('086','It005','2');
INSERT INTO items_orders(order_id,item_id,quantity) VALUES ('087','It017','2');
INSERT INTO items_orders(order_id,item_id,quantity) VALUES ('088','It012','2');
INSERT INTO items_orders(order_id,item_id,quantity) VALUES ('089','It001','2');
INSERT INTO items_orders(order_id,item_id,quantity) VALUES ('090','It002','2');
INSERT INTO items_orders(order_id,item_id,quantity) VALUES ('091','It004','2');
INSERT INTO items_orders(order_id,item_id,quantity) VALUES ('091','It024','2');
INSERT INTO items_orders(order_id,item_id,quantity) VALUES ('092','It017','2');
INSERT INTO items_orders(order_id,item_id,quantity) VALUES ('093','It023','2');
INSERT INTO items_orders(order_id,item_id,quantity) VALUES ('093','It011','2');
INSERT INTO items_orders(order_id,item_id,quantity) VALUES ('094','It006','2');
INSERT INTO items_orders(order_id,item_id,quantity) VALUES ('095','It021','2');
INSERT INTO items_orders(order_id,item_id,quantity) VALUES ('096','It015','2');
INSERT INTO items_orders(order_id,item_id,quantity) VALUES ('097','It008','2');
INSERT INTO items_orders(order_id,item_id,quantity) VALUES ('097','It024','2');
INSERT INTO items_orders(order_id,item_id,quantity) VALUES ('098','It001','2');
INSERT INTO items_orders(order_id,item_id,quantity) VALUES ('099','It019','2');
INSERT INTO items_orders(order_id,item_id,quantity) VALUES ('100','It003','2');
INSERT INTO items_orders(order_id,item_id,quantity) VALUES ('100','It024','2');
INSERT INTO items_orders(order_id,item_id,quantity) VALUES ('101','It022','2');
INSERT INTO items_orders(order_id,item_id,quantity) VALUES ('102','It018','2');
INSERT INTO items_orders(order_id,item_id,quantity) VALUES ('103','It005','2');
INSERT INTO items_orders(order_id,item_id,quantity) VALUES ('103','It012','2');
INSERT INTO items_orders(order_id,item_id,quantity) VALUES ('104','It010','2');
INSERT INTO items_orders(order_id,item_id,quantity) VALUES ('105','It007','2');
INSERT INTO items_orders(order_id,item_id,quantity) VALUES ('106','It024','2');
INSERT INTO items_orders(order_id,item_id,quantity) VALUES ('106','It020','2');
INSERT INTO items_orders(order_id,item_id,quantity) VALUES ('107','It014','2');
INSERT INTO items_orders(order_id,item_id,quantity) VALUES ('108','It009','2');
INSERT INTO items_orders(order_id,item_id,quantity) VALUES ('109','It002','2');
INSERT INTO items_orders(order_id,item_id,quantity) VALUES ('109','It016','2');
INSERT INTO items_orders(order_id,item_id,quantity) VALUES ('110','It013','2');
INSERT INTO items_orders(order_id,item_id,quantity) VALUES ('111','It024','2');
INSERT INTO items_orders(order_id,item_id,quantity) VALUES ('112','It004','2');
INSERT INTO items_orders(order_id,item_id,quantity) VALUES ('113','It021','2');
INSERT INTO items_orders(order_id,item_id,quantity) VALUES ('114','It006','2');
INSERT INTO items_orders(order_id,item_id,quantity) VALUES ('115','It019','2');
INSERT INTO items_orders(order_id,item_id,quantity) VALUES ('116','It003','2');
INSERT INTO items_orders(order_id,item_id,quantity) VALUES ('117','It022','2');
INSERT INTO items_orders(order_id,item_id,quantity) VALUES ('117','It012','2');
INSERT INTO items_orders(order_id,item_id,quantity) VALUES ('118','It018','2');
INSERT INTO items_orders(order_id,item_id,quantity) VALUES ('119','It005','2');
INSERT INTO items_orders(order_id,item_id,quantity) VALUES ('120','It024','2');
INSERT INTO items_orders(order_id,item_id,quantity) VALUES ('121','It014','2');
INSERT INTO items_orders(order_id,item_id,quantity) VALUES ('122','It009','2');
INSERT INTO items_orders(order_id,item_id,quantity) VALUES ('123','It024','2');
INSERT INTO items_orders(order_id,item_id,quantity) VALUES ('124','It005','2');
INSERT INTO items_orders(order_id,item_id,quantity) VALUES ('125','It014','2');
INSERT INTO items_orders(order_id,item_id,quantity) VALUES ('125','It023','2');
INSERT INTO items_orders(order_id,item_id,quantity) VALUES ('126','It018','2');
INSERT INTO items_orders(order_id,item_id,quantity) VALUES ('127','It002','2');
INSERT INTO items_orders(order_id,item_id,quantity) VALUES ('128','It011','2');
INSERT INTO items_orders(order_id,item_id,quantity) VALUES ('129','It024','2');
INSERT INTO items_orders(order_id,item_id,quantity) VALUES ('129','It020','2');
INSERT INTO items_orders(order_id,item_id,quantity) VALUES ('130','It008','2');
INSERT INTO items_orders(order_id,item_id,quantity) VALUES ('131','It022','2');
INSERT INTO items_orders(order_id,item_id,quantity) VALUES ('132','It004','2');
INSERT INTO items_orders(order_id,item_id,quantity) VALUES ('133','It015','2');
INSERT INTO items_orders(order_id,item_id,quantity) VALUES ('134','It024','2');
INSERT INTO items_orders(order_id,item_id,quantity) VALUES ('134','It018','2');
INSERT INTO items_orders(order_id,item_id,quantity) VALUES ('135','It007','2');
INSERT INTO items_orders(order_id,item_id,quantity) VALUES ('136','It020','2');
INSERT INTO items_orders(order_id,item_id,quantity) VALUES ('137','It003','2');
INSERT INTO items_orders(order_id,item_id,quantity) VALUES ('138','It016','2');
INSERT INTO items_orders(order_id,item_id,quantity) VALUES ('139','It009','2');
INSERT INTO items_orders(order_id,item_id,quantity) VALUES ('139','It024','2');
INSERT INTO items_orders(order_id,item_id,quantity) VALUES ('140','It012','2');
INSERT INTO items_orders(order_id,item_id,quantity) VALUES ('141','It001','2');
INSERT INTO items_orders(order_id,item_id,quantity) VALUES ('142','It019','2');
INSERT INTO items_orders(order_id,item_id,quantity) VALUES ('143','It005','2');
INSERT INTO items_orders(order_id,item_id,quantity) VALUES ('143','It011','2');
INSERT INTO items_orders(order_id,item_id,quantity) VALUES ('144','It024','2');
INSERT INTO items_orders(order_id,item_id,quantity) VALUES ('145','It010','2');
INSERT INTO items_orders(order_id,item_id,quantity) VALUES ('146','It024','2');
INSERT INTO items_orders(order_id,item_id,quantity) VALUES ('147','It017','2');
INSERT INTO items_orders(order_id,item_id,quantity) VALUES ('147','It021','2');
INSERT INTO items_orders(order_id,item_id,quantity) VALUES ('148','It006','2');
INSERT INTO items_orders(order_id,item_id,quantity) VALUES ('149','It023','2');
INSERT INTO items_orders(order_id,item_id,quantity) VALUES ('150','It002','2');
INSERT INTO items_orders(order_id,item_id,quantity) VALUES ('151','It018','2');
INSERT INTO items_orders(order_id,item_id,quantity) VALUES ('152','It005','2');
INSERT INTO items_orders(order_id,item_id,quantity) VALUES ('153','It024','2');
INSERT INTO items_orders(order_id,item_id,quantity) VALUES ('154','It011','2');
INSERT INTO items_orders(order_id,item_id,quantity) VALUES ('155','It004','2');
INSERT INTO items_orders(order_id,item_id,quantity) VALUES ('155','It024','2');
INSERT INTO items_orders(order_id,item_id,quantity) VALUES ('156','It014','2');
INSERT INTO items_orders(order_id,item_id,quantity) VALUES ('157','It021','2');
INSERT INTO items_orders(order_id,item_id,quantity) VALUES ('158','It007','2');
INSERT INTO items_orders(order_id,item_id,quantity) VALUES ('159','It001','2');
INSERT INTO items_orders(order_id,item_id,quantity) VALUES ('160','It014','2');
INSERT INTO items_orders(order_id,item_id,quantity) VALUES ('161','It024','2');
INSERT INTO items_orders(order_id,item_id,quantity) VALUES ('162','It008','2');
INSERT INTO items_orders(order_id,item_id,quantity) VALUES ('162','It022','2');
INSERT INTO items_orders(order_id,item_id,quantity) VALUES ('163','It017','2');
INSERT INTO items_orders(order_id,item_id,quantity) VALUES ('164','It005','2');
INSERT INTO items_orders(order_id,item_id,quantity) VALUES ('165','It023','2');
INSERT INTO items_orders(order_id,item_id,quantity) VALUES ('166','It011','2');
INSERT INTO items_orders(order_id,item_id,quantity) VALUES ('167','It019','2');
INSERT INTO items_orders(order_id,item_id,quantity) VALUES ('168','It003','2');
INSERT INTO items_orders(order_id,item_id,quantity) VALUES ('169','It024','2');
INSERT INTO items_orders(order_id,item_id,quantity) VALUES ('170','It006','2');
INSERT INTO items_orders(order_id,item_id,quantity) VALUES ('171','It020','2');
INSERT INTO items_orders(order_id,item_id,quantity) VALUES ('172','It010','2');
INSERT INTO items_orders(order_id,item_id,quantity) VALUES ('173','It024','2');
INSERT INTO items_orders(order_id,item_id,quantity) VALUES ('173','It007','2');
INSERT INTO items_orders(order_id,item_id,quantity) VALUES ('174','It013','2');
INSERT INTO items_orders(order_id,item_id,quantity) VALUES ('175','It024','2');
INSERT INTO items_orders(order_id,item_id,quantity) VALUES ('176','It004','2');
INSERT INTO items_orders(order_id,item_id,quantity) VALUES ('177','It016','2');
INSERT INTO items_orders(order_id,item_id,quantity) VALUES ('178','It024','2');
INSERT INTO items_orders(order_id,item_id,quantity) VALUES ('179','It012','2');
INSERT INTO items_orders(order_id,item_id,quantity) VALUES ('180','It009','2');
INSERT INTO items_orders(order_id,item_id,quantity) VALUES ('181','It002','2');
INSERT INTO items_orders(order_id,item_id,quantity) VALUES ('182','It018','2');
INSERT INTO items_orders(order_id,item_id,quantity) VALUES ('183','It021','2');
INSERT INTO items_orders(order_id,item_id,quantity) VALUES ('184','It015','2');
INSERT INTO items_orders(order_id,item_id,quantity) VALUES ('185','It007','2');
INSERT INTO items_orders(order_id,item_id,quantity) VALUES ('186','It024','2');
INSERT INTO items_orders(order_id,item_id,quantity) VALUES ('187','It001','2');
INSERT INTO items_orders(order_id,item_id,quantity) VALUES ('188','It024','2');
INSERT INTO items_orders(order_id,item_id,quantity) VALUES ('189','It018','2');
INSERT INTO items_orders(order_id,item_id,quantity) VALUES ('189','It022','2');
INSERT INTO items_orders(order_id,item_id,quantity) VALUES ('190','It012','2');
INSERT INTO items_orders(order_id,item_id,quantity) VALUES ('191','It003','2');
INSERT INTO items_orders(order_id,item_id,quantity) VALUES ('192','It016','2');
INSERT INTO items_orders(order_id,item_id,quantity) VALUES ('193','It009','2');
INSERT INTO items_orders(order_id,item_id,quantity) VALUES ('194','It024','2');
INSERT INTO items_orders(order_id,item_id,quantity) VALUES ('195','It005','2');
INSERT INTO items_orders(order_id,item_id,quantity) VALUES ('195','It011','2');
INSERT INTO items_orders(order_id,item_id,quantity) VALUES ('196','It014','2');
INSERT INTO items_orders(order_id,item_id,quantity) VALUES ('197','It020','2');
INSERT INTO items_orders(order_id,item_id,quantity) VALUES ('198','It006','2');
INSERT INTO items_orders(order_id,item_id,quantity) VALUES ('199','It022','2');
INSERT INTO items_orders(order_id,item_id,quantity) VALUES ('200','It017','2');
INSERT INTO items_orders(order_id,item_id,quantity) VALUES ('201','It010','2');
INSERT INTO items_orders(order_id,item_id,quantity) VALUES ('202','It024','2');
INSERT INTO items_orders(order_id,item_id,quantity) VALUES ('202','It008','2');
INSERT INTO items_orders(order_id,item_id,quantity) VALUES ('203','It001','2');
INSERT INTO items_orders(order_id,item_id,quantity) VALUES ('204','It019','2');
INSERT INTO items_orders(order_id,item_id,quantity) VALUES ('205','It013','2');
INSERT INTO items_orders(order_id,item_id,quantity) VALUES ('206','It024','2');
INSERT INTO items_orders(order_id,item_id,quantity) VALUES ('207','It004','2');
INSERT INTO items_orders(order_id,item_id,quantity) VALUES ('208','It021','2');
INSERT INTO items_orders(order_id,item_id,quantity) VALUES ('208','It002','2');
INSERT INTO items_orders(order_id,item_id,quantity) VALUES ('209','It018','2');
INSERT INTO items_orders(order_id,item_id,quantity) VALUES ('210','It024','2');
INSERT INTO items_orders(order_id,item_id,quantity) VALUES ('211','It007','2');
INSERT INTO items_orders(order_id,item_id,quantity) VALUES ('212','It012','2');
INSERT INTO items_orders(order_id,item_id,quantity) VALUES ('213','It024','2');
INSERT INTO items_orders(order_id,item_id,quantity) VALUES ('214','It015','2');
INSERT INTO items_orders(order_id,item_id,quantity) VALUES ('215','It002','2');
INSERT INTO items_orders(order_id,item_id,quantity) VALUES ('216','It024','2');
INSERT INTO items_orders(order_id,item_id,quantity) VALUES ('217','It018','2');
INSERT INTO items_orders(order_id,item_id,quantity) VALUES ('218','It011','2');
INSERT INTO items_orders(order_id,item_id,quantity) VALUES ('219','It005','2');
INSERT INTO items_orders(order_id,item_id,quantity) VALUES ('220','It017','2');
INSERT INTO items_orders(order_id,item_id,quantity) VALUES ('221','It009','2');
INSERT INTO items_orders(order_id,item_id,quantity) VALUES ('222','It024','2');
INSERT INTO items_orders(order_id,item_id,quantity) VALUES ('223','It003','2');
INSERT INTO items_orders(order_id,item_id,quantity) VALUES ('224','It017','2');
INSERT INTO items_orders(order_id,item_id,quantity) VALUES ('224','It021','2');
INSERT INTO items_orders(order_id,item_id,quantity) VALUES ('225','It006','2');
INSERT INTO items_orders(order_id,item_id,quantity) VALUES ('226','It024','2');
INSERT INTO items_orders(order_id,item_id,quantity) VALUES ('227','It011','2');
INSERT INTO items_orders(order_id,item_id,quantity) VALUES ('227','It014','2');
INSERT INTO items_orders(order_id,item_id,quantity) VALUES ('228','It001','2');
INSERT INTO items_orders(order_id,item_id,quantity) VALUES ('229','It019','2');
INSERT INTO items_orders(order_id,item_id,quantity) VALUES ('230','It024','2');
INSERT INTO items_orders(order_id,item_id,quantity) VALUES ('231','It005','2');
INSERT INTO items_orders(order_id,item_id,quantity) VALUES ('231','It008','2');
INSERT INTO items_orders(order_id,item_id,quantity) VALUES ('232','It010','2');
INSERT INTO items_orders(order_id,item_id,quantity) VALUES ('233','It013','2');
INSERT INTO items_orders(order_id,item_id,quantity) VALUES ('234','It016','2');
INSERT INTO items_orders(order_id,item_id,quantity) VALUES ('234','It022','2');
INSERT INTO items_orders(order_id,item_id,quantity) VALUES ('235','It024','2');
INSERT INTO items_orders(order_id,item_id,quantity) VALUES ('236','It007','2');
INSERT INTO items_orders(order_id,item_id,quantity) VALUES ('237','It018','2');
INSERT INTO items_orders(order_id,item_id,quantity) VALUES ('238','It004','2');
INSERT INTO items_orders(order_id,item_id,quantity) VALUES ('238','It024','2');
INSERT INTO items_orders(order_id,item_id,quantity) VALUES ('239','It009','2');
INSERT INTO items_orders(order_id,item_id,quantity) VALUES ('240','It002','2');
INSERT INTO items_orders(order_id,item_id,quantity) VALUES ('241','It020','2');
INSERT INTO items_orders(order_id,item_id,quantity) VALUES ('242','It012','2');
INSERT INTO items_orders(order_id,item_id,quantity) VALUES ('243','It015','2');
INSERT INTO items_orders(order_id,item_id,quantity) VALUES ('243','It024','2');
INSERT INTO items_orders(order_id,item_id,quantity) VALUES ('244','It023','2');
INSERT INTO items_orders(order_id,item_id,quantity) VALUES ('245','It008','2');
INSERT INTO items_orders(order_id,item_id,quantity) VALUES ('246','It012','2');
INSERT INTO items_orders(order_id,item_id,quantity) VALUES ('247','It021','2');
INSERT INTO items_orders(order_id,item_id,quantity) VALUES ('248','It004','2');
INSERT INTO items_orders(order_id,item_id,quantity) VALUES ('249','It024','2');
INSERT INTO items_orders(order_id,item_id,quantity) VALUES ('250','It009','2');
INSERT INTO items_orders(order_id,item_id,quantity) VALUES ('251','It018','2');
INSERT INTO items_orders(order_id,item_id,quantity) VALUES ('251','It022','2');
INSERT INTO items_orders(order_id,item_id,quantity) VALUES ('252','It006','2');
INSERT INTO items_orders(order_id,item_id,quantity) VALUES ('253','It016','2');
INSERT INTO items_orders(order_id,item_id,quantity) VALUES ('254','It001','2');
INSERT INTO items_orders(order_id,item_id,quantity) VALUES ('255','It007','2');
INSERT INTO items_orders(order_id,item_id,quantity) VALUES ('256','It019','2');
INSERT INTO items_orders(order_id,item_id,quantity) VALUES ('256','It023','2');
INSERT INTO items_orders(order_id,item_id,quantity) VALUES ('257','It002','2');
INSERT INTO items_orders(order_id,item_id,quantity) VALUES ('258','It015','2');
INSERT INTO items_orders(order_id,item_id,quantity) VALUES ('259','It010','2');
INSERT INTO items_orders(order_id,item_id,quantity) VALUES ('260','It024','2');
INSERT INTO items_orders(order_id,item_id,quantity) VALUES ('261','It005','2');
INSERT INTO items_orders(order_id,item_id,quantity) VALUES ('262','It013','2');
INSERT INTO items_orders(order_id,item_id,quantity) VALUES ('263','It020','2');
INSERT INTO items_orders(order_id,item_id,quantity) VALUES ('263','It008','2');
INSERT INTO items_orders(order_id,item_id,quantity) VALUES ('264','It024','2');
INSERT INTO items_orders(order_id,item_id,quantity) VALUES ('265','It011','2');
INSERT INTO items_orders(order_id,item_id,quantity) VALUES ('266','It017','2');
INSERT INTO items_orders(order_id,item_id,quantity) VALUES ('267','It003','2');
INSERT INTO items_orders(order_id,item_id,quantity) VALUES ('268','It014','2');
INSERT INTO items_orders(order_id,item_id,quantity) VALUES ('269','It001','2');
INSERT INTO items_orders(order_id,item_id,quantity) VALUES ('270','It009','2');
INSERT INTO items_orders(order_id,item_id,quantity) VALUES ('271','It018','2');
INSERT INTO items_orders(order_id,item_id,quantity) VALUES ('272','It004','2');
INSERT INTO items_orders(order_id,item_id,quantity) VALUES ('272','It024','2');
INSERT INTO items_orders(order_id,item_id,quantity) VALUES ('273','It021','2');
INSERT INTO items_orders(order_id,item_id,quantity) VALUES ('274','It006','2');
INSERT INTO items_orders(order_id,item_id,quantity) VALUES ('275','It022','2');
INSERT INTO items_orders(order_id,item_id,quantity) VALUES ('276','It012','2');
INSERT INTO items_orders(order_id,item_id,quantity) VALUES ('277','It024','2');
INSERT INTO items_orders(order_id,item_id,quantity) VALUES ('278','It016','2');
INSERT INTO items_orders(order_id,item_id,quantity) VALUES ('279','It024','2');
INSERT INTO items_orders(order_id,item_id,quantity) VALUES ('280','It008','2');
INSERT INTO items_orders(order_id,item_id,quantity) VALUES ('281','It002','2');
INSERT INTO items_orders(order_id,item_id,quantity) VALUES ('282','It017','2');
INSERT INTO items_orders(order_id,item_id,quantity) VALUES ('283','It011','2');
INSERT INTO items_orders(order_id,item_id,quantity) VALUES ('284','It024','2');
INSERT INTO items_orders(order_id,item_id,quantity) VALUES ('285','It005','2');
INSERT INTO items_orders(order_id,item_id,quantity) VALUES ('286','It020','2');
INSERT INTO items_orders(order_id,item_id,quantity) VALUES ('287','It014','2');
INSERT INTO items_orders(order_id,item_id,quantity) VALUES ('288','It024','2');
INSERT INTO items_orders(order_id,item_id,quantity) VALUES ('289','It009','2');
INSERT INTO items_orders(order_id,item_id,quantity) VALUES ('290','It005','2');
INSERT INTO items_orders(order_id,item_id,quantity) VALUES ('291','It012','2');
INSERT INTO items_orders(order_id,item_id,quantity) VALUES ('292','It018','2');
INSERT INTO items_orders(order_id,item_id,quantity) VALUES ('292','It022','2');
INSERT INTO items_orders(order_id,item_id,quantity) VALUES ('293','It004','2');
INSERT INTO items_orders(order_id,item_id,quantity) VALUES ('294','It024','2');
INSERT INTO items_orders(order_id,item_id,quantity) VALUES ('295','It011','2');
INSERT INTO items_orders(order_id,item_id,quantity) VALUES ('296','It015','2');
INSERT INTO items_orders(order_id,item_id,quantity) VALUES ('297','It001','2');
INSERT INTO items_orders(order_id,item_id,quantity) VALUES ('297','It006','2');
INSERT INTO items_orders(order_id,item_id,quantity) VALUES ('298','It019','2');
INSERT INTO items_orders(order_id,item_id,quantity) VALUES ('299','It023','2');
INSERT INTO items_orders(order_id,item_id,quantity) VALUES ('300','It009','2');
INSERT INTO items_orders(order_id,item_id,quantity) VALUES ('301','It003','2');
INSERT INTO items_orders(order_id,item_id,quantity) VALUES ('301','It020','2');
INSERT INTO items_orders(order_id,item_id,quantity) VALUES ('302','It007','2');
INSERT INTO items_orders(order_id,item_id,quantity) VALUES ('303','It013','2');
INSERT INTO items_orders(order_id,item_id,quantity) VALUES ('304','It024','2');
INSERT INTO items_orders(order_id,item_id,quantity) VALUES ('305','It010','2');
INSERT INTO items_orders(order_id,item_id,quantity) VALUES ('306','It008','2');
INSERT INTO items_orders(order_id,item_id,quantity) VALUES ('307','It002','2');
INSERT INTO items_orders(order_id,item_id,quantity) VALUES ('307','It014','2');
INSERT INTO items_orders(order_id,item_id,quantity) VALUES ('308','It017','2');
INSERT INTO items_orders(order_id,item_id,quantity) VALUES ('309','It024','2');
INSERT INTO items_orders(order_id,item_id,quantity) VALUES ('310','It021','2');
INSERT INTO items_orders(order_id,item_id,quantity) VALUES ('311','It016','2');
INSERT INTO items_orders(order_id,item_id,quantity) VALUES ('312','It024','2');
INSERT INTO items_orders(order_id,item_id,quantity) VALUES ('313','It024','2');
INSERT INTO items_orders(order_id,item_id,quantity) VALUES ('314','It001','2');
INSERT INTO items_orders(order_id,item_id,quantity) VALUES ('315','It003','2');
INSERT INTO items_orders(order_id,item_id,quantity) VALUES ('316','It020','2');
INSERT INTO items_orders(order_id,item_id,quantity) VALUES ('317','It008','2');
INSERT INTO items_orders(order_id,item_id,quantity) VALUES ('318','It017','2');
INSERT INTO items_orders(order_id,item_id,quantity) VALUES ('318','It024','2');
INSERT INTO items_orders(order_id,item_id,quantity) VALUES ('319','It012','2');
INSERT INTO items_orders(order_id,item_id,quantity) VALUES ('320','It006','2');
INSERT INTO items_orders(order_id,item_id,quantity) VALUES ('321','It024','2');
INSERT INTO items_orders(order_id,item_id,quantity) VALUES ('322','It011','2');
INSERT INTO items_orders(order_id,item_id,quantity) VALUES ('323','It022','2');
INSERT INTO items_orders(order_id,item_id,quantity) VALUES ('324','It005','2');
INSERT INTO items_orders(order_id,item_id,quantity) VALUES ('325','It009','2');
INSERT INTO items_orders(order_id,item_id,quantity) VALUES ('325','It013','2');
INSERT INTO items_orders(order_id,item_id,quantity) VALUES ('326','It018','2');
INSERT INTO items_orders(order_id,item_id,quantity) VALUES ('327','It001','2');
INSERT INTO items_orders(order_id,item_id,quantity) VALUES ('328','It024','2');
INSERT INTO items_orders(order_id,item_id,quantity) VALUES ('329','It004','2');
INSERT INTO items_orders(order_id,item_id,quantity) VALUES ('330','It010','2');
INSERT INTO items_orders(order_id,item_id,quantity) VALUES ('331','It017','2');
INSERT INTO items_orders(order_id,item_id,quantity) VALUES ('331','It023','2');
INSERT INTO items_orders(order_id,item_id,quantity) VALUES ('332','It006','2');
INSERT INTO items_orders(order_id,item_id,quantity) VALUES ('333','It014','2');
INSERT INTO items_orders(order_id,item_id,quantity) VALUES ('334','It024','2');
INSERT INTO items_orders(order_id,item_id,quantity) VALUES ('335','It008','2');
INSERT INTO items_orders(order_id,item_id,quantity) VALUES ('336','It020','2');
INSERT INTO items_orders(order_id,item_id,quantity) VALUES ('337','It012','2');
INSERT INTO items_orders(order_id,item_id,quantity) VALUES ('338','It019','2');
INSERT INTO items_orders(order_id,item_id,quantity) VALUES ('339','It003','2');
INSERT INTO items_orders(order_id,item_id,quantity) VALUES ('340','It007','2');
INSERT INTO items_orders(order_id,item_id,quantity) VALUES ('341','It015','2');
INSERT INTO items_orders(order_id,item_id,quantity) VALUES ('341','It024','2');
INSERT INTO items_orders(order_id,item_id,quantity) VALUES ('342','It002','2');
INSERT INTO items_orders(order_id,item_id,quantity) VALUES ('343','It021','2');
INSERT INTO items_orders(order_id,item_id,quantity) VALUES ('344','It011','2');
INSERT INTO items_orders(order_id,item_id,quantity) VALUES ('345','It024','2');
INSERT INTO items_orders(order_id,item_id,quantity) VALUES ('346','It016','2');
INSERT INTO items_orders(order_id,item_id,quantity) VALUES ('347','It005','2');
INSERT INTO items_orders(order_id,item_id,quantity) VALUES ('348','It022','2');
INSERT INTO items_orders(order_id,item_id,quantity) VALUES ('349','It009','2');
INSERT INTO items_orders(order_id,item_id,quantity) VALUES ('350','It024','2');
INSERT INTO items_orders(order_id,item_id,quantity) VALUES ('351','It018','2');
INSERT INTO items_orders(order_id,item_id,quantity) VALUES ('352','It003','2');
INSERT INTO items_orders(order_id,item_id,quantity) VALUES ('353','It014','2');
INSERT INTO items_orders(order_id,item_id,quantity) VALUES ('354','It022','2');
INSERT INTO items_orders(order_id,item_id,quantity) VALUES ('355','It009','2');
INSERT INTO items_orders(order_id,item_id,quantity) VALUES ('356','It005','2');
INSERT INTO items_orders(order_id,item_id,quantity) VALUES ('357','It018','2');
INSERT INTO items_orders(order_id,item_id,quantity) VALUES ('358','It001','2');
INSERT INTO items_orders(order_id,item_id,quantity) VALUES ('359','It014','2');
INSERT INTO items_orders(order_id,item_id,quantity) VALUES ('360','It001','2');
INSERT INTO items_orders(order_id,item_id,quantity) VALUES ('361','It017','2');
INSERT INTO items_orders(order_id,item_id,quantity) VALUES ('361','It023','2');
INSERT INTO items_orders(order_id,item_id,quantity) VALUES ('362','It004','2');
INSERT INTO items_orders(order_id,item_id,quantity) VALUES ('363','It024','2');
INSERT INTO items_orders(order_id,item_id,quantity) VALUES ('363','It020','2');
INSERT INTO items_orders(order_id,item_id,quantity) VALUES ('364','It009','2');
INSERT INTO items_orders(order_id,item_id,quantity) VALUES ('365','It014','2');
INSERT INTO items_orders(order_id,item_id,quantity) VALUES ('365','It007','2');
INSERT INTO items_orders(order_id,item_id,quantity) VALUES ('366','It022','2');
INSERT INTO items_orders(order_id,item_id,quantity) VALUES ('367','It005','2');
INSERT INTO items_orders(order_id,item_id,quantity) VALUES ('368','It012','2');
INSERT INTO items_orders(order_id,item_id,quantity) VALUES ('368','It018','2');
INSERT INTO items_orders(order_id,item_id,quantity) VALUES ('369','It024','2');
INSERT INTO items_orders(order_id,item_id,quantity) VALUES ('370','It003','2');
INSERT INTO items_orders(order_id,item_id,quantity) VALUES ('371','It016','2');
INSERT INTO items_orders(order_id,item_id,quantity) VALUES ('371','It008','2');
INSERT INTO items_orders(order_id,item_id,quantity) VALUES ('372','It011','2');
INSERT INTO items_orders(order_id,item_id,quantity) VALUES ('373','It024','2');
INSERT INTO items_orders(order_id,item_id,quantity) VALUES ('374','It006','2');
INSERT INTO items_orders(order_id,item_id,quantity) VALUES ('374','It021','2');
INSERT INTO items_orders(order_id,item_id,quantity) VALUES ('375','It010','2');
INSERT INTO items_orders(order_id,item_id,quantity) VALUES ('376','It024','2');
INSERT INTO items_orders(order_id,item_id,quantity) VALUES ('377','It013','2');
INSERT INTO items_orders(order_id,item_id,quantity) VALUES ('377','It019','2');
INSERT INTO items_orders(order_id,item_id,quantity) VALUES ('378','It002','2');
INSERT INTO items_orders(order_id,item_id,quantity) VALUES ('379','It024','2');
INSERT INTO items_orders(order_id,item_id,quantity) VALUES ('380','It015','2');
INSERT INTO items_orders(order_id,item_id,quantity) VALUES ('381','It007','2');
INSERT INTO items_orders(order_id,item_id,quantity) VALUES ('381','It023','2');
INSERT INTO items_orders(order_id,item_id,quantity) VALUES ('382','It001','2');
INSERT INTO items_orders(order_id,item_id,quantity) VALUES ('383','It017','2');
INSERT INTO items_orders(order_id,item_id,quantity) VALUES ('384','It004','2');
INSERT INTO items_orders(order_id,item_id,quantity) VALUES ('384','It020','2');
INSERT INTO items_orders(order_id,item_id,quantity) VALUES ('385','It009','2');
INSERT INTO items_orders(order_id,item_id,quantity) VALUES ('386','It024','2');
INSERT INTO items_orders(order_id,item_id,quantity) VALUES ('387','It012','2');
INSERT INTO items_orders(order_id,item_id,quantity) VALUES ('388','It018','2');
INSERT INTO items_orders(order_id,item_id,quantity) VALUES ('388','It022','2');
INSERT INTO items_orders(order_id,item_id,quantity) VALUES ('389','It005','2');
INSERT INTO items_orders(order_id,item_id,quantity) VALUES ('390','It011','2');
INSERT INTO items_orders(order_id,item_id,quantity) VALUES ('391','It024','2');
INSERT INTO items_orders(order_id,item_id,quantity) VALUES ('392','It003','2');
INSERT INTO items_orders(order_id,item_id,quantity) VALUES ('393','It016','2');
INSERT INTO items_orders(order_id,item_id,quantity) VALUES ('393','It024','2');
INSERT INTO items_orders(order_id,item_id,quantity) VALUES ('394','It008','2');
INSERT INTO items_orders(order_id,item_id,quantity) VALUES ('394','It016','2');
INSERT INTO items_orders(order_id,item_id,quantity) VALUES ('395','It024','2');
INSERT INTO items_orders(order_id,item_id,quantity) VALUES ('395','It008','2');
INSERT INTO items_orders(order_id,item_id,quantity) VALUES ('396','It002','2');
INSERT INTO items_orders(order_id,item_id,quantity) VALUES ('397','It010','2');
INSERT INTO items_orders(order_id,item_id,quantity) VALUES ('398','It005','2');
INSERT INTO items_orders(order_id,item_id,quantity) VALUES ('399','It024','2');
INSERT INTO items_orders(order_id,item_id,quantity) VALUES ('400','It013','2');
INSERT INTO items_orders(order_id,item_id,quantity) VALUES ('401','It021','2');
INSERT INTO items_orders(order_id,item_id,quantity) VALUES ('402','It017','2');
INSERT INTO items_orders(order_id,item_id,quantity) VALUES ('403','It022','2');
INSERT INTO items_orders(order_id,item_id,quantity) VALUES ('404','It004','2');
INSERT INTO items_orders(order_id,item_id,quantity) VALUES ('404','It006','2');
INSERT INTO items_orders(order_id,item_id,quantity) VALUES ('405','It018','2');
INSERT INTO items_orders(order_id,item_id,quantity) VALUES ('406','It011','2');
INSERT INTO items_orders(order_id,item_id,quantity) VALUES ('407','It023','2');
INSERT INTO items_orders(order_id,item_id,quantity) VALUES ('407','It024','2');
INSERT INTO items_orders(order_id,item_id,quantity) VALUES ('408','It009','2');
INSERT INTO items_orders(order_id,item_id,quantity) VALUES ('409','It015','2');
INSERT INTO items_orders(order_id,item_id,quantity) VALUES ('410','It024','2');
INSERT INTO items_orders(order_id,item_id,quantity) VALUES ('411','It003','2');
INSERT INTO items_orders(order_id,item_id,quantity) VALUES ('412','It020','2');
INSERT INTO items_orders(order_id,item_id,quantity) VALUES ('412','It014','2');
INSERT INTO items_orders(order_id,item_id,quantity) VALUES ('413','It001','2');
INSERT INTO items_orders(order_id,item_id,quantity) VALUES ('414','It008','2');
INSERT INTO items_orders(order_id,item_id,quantity) VALUES ('415','It017','2');
INSERT INTO items_orders(order_id,item_id,quantity) VALUES ('416','It005','2');
INSERT INTO items_orders(order_id,item_id,quantity) VALUES ('417','It012','2');
INSERT INTO items_orders(order_id,item_id,quantity) VALUES ('417','It024','2');
INSERT INTO items_orders(order_id,item_id,quantity) VALUES ('418','It010','2');
INSERT INTO items_orders(order_id,item_id,quantity) VALUES ('419','It024','2');
INSERT INTO items_orders(order_id,item_id,quantity) VALUES ('420','It019','2');
INSERT INTO items_orders(order_id,item_id,quantity) VALUES ('421','It007','2');
INSERT INTO items_orders(order_id,item_id,quantity) VALUES ('422','It002','2');
INSERT INTO items_orders(order_id,item_id,quantity) VALUES ('423','It013','2');
INSERT INTO items_orders(order_id,item_id,quantity) VALUES ('424','It021','2');
INSERT INTO items_orders(order_id,item_id,quantity) VALUES ('424','It016','2');
INSERT INTO items_orders(order_id,item_id,quantity) VALUES ('425','It024','2');
INSERT INTO items_orders(order_id,item_id,quantity) VALUES ('426','It009','2');
INSERT INTO items_orders(order_id,item_id,quantity) VALUES ('427','It006','2');
INSERT INTO items_orders(order_id,item_id,quantity) VALUES ('428','It023','2');
INSERT INTO items_orders(order_id,item_id,quantity) VALUES ('429','It018','2');
INSERT INTO items_orders(order_id,item_id,quantity) VALUES ('429','It011','2');
INSERT INTO items_orders(order_id,item_id,quantity) VALUES ('430','It015','2');
INSERT INTO items_orders(order_id,item_id,quantity) VALUES ('431','It024','2');
INSERT INTO items_orders(order_id,item_id,quantity) VALUES ('432','It009','2');
INSERT INTO items_orders(order_id,item_id,quantity) VALUES ('433','It023','2');
INSERT INTO items_orders(order_id,item_id,quantity) VALUES ('434','It006','2');
INSERT INTO items_orders(order_id,item_id,quantity) VALUES ('435','It018','2');
INSERT INTO items_orders(order_id,item_id,quantity) VALUES ('436','It002','2');
INSERT INTO items_orders(order_id,item_id,quantity) VALUES ('437','It024','2');











INSERT INTO inventory(inv_id,ing_id,quantity) VALUES ('inv001','ING001',4);
INSERT INTO inventory(inv_id,ing_id,quantity) VALUES ('inv002','ING002',55);
INSERT INTO inventory(inv_id,ing_id,quantity) VALUES ('inv003','ING003',1);
INSERT INTO inventory(inv_id,ing_id,quantity) VALUES ('inv004','ING004',4);
INSERT INTO inventory(inv_id,ing_id,quantity) VALUES ('inv005','ING005',7);
INSERT INTO inventory(inv_id,ing_id,quantity) VALUES ('inv006','ING006',3);
INSERT INTO inventory(inv_id,ing_id,quantity) VALUES ('inv007','ING007',3);
INSERT INTO inventory(inv_id,ing_id,quantity) VALUES ('inv008','ING008',4);
INSERT INTO inventory(inv_id,ing_id,quantity) VALUES ('inv009','ING009',1);
INSERT INTO inventory(inv_id,ing_id,quantity) VALUES ('inv010','ING010',4);
INSERT INTO inventory(inv_id,ing_id,quantity) VALUES ('inv011','ING011',20);
INSERT INTO inventory(inv_id,ing_id,quantity) VALUES ('inv012','ING012',5);
INSERT INTO inventory(inv_id,ing_id,quantity) VALUES ('inv013','ING013',2);
INSERT INTO inventory(inv_id,ing_id,quantity) VALUES ('inv014','ING014',10);
INSERT INTO inventory(inv_id,ing_id,quantity) VALUES ('inv015','ING015',3);
INSERT INTO inventory(inv_id,ing_id,quantity) VALUES ('inv016','ING016',2);
INSERT INTO inventory(inv_id,ing_id,quantity) VALUES ('inv017','ING017',2);
INSERT INTO inventory(inv_id,ing_id,quantity) VALUES ('inv018','ING018',2);


insert into review(username, item_id, review_date, review_text) VALUES ('Alex', 'It001', NOW(), 'Tasty!');
insert into review(username, item_id, review_date, review_text) VALUES ('Alex', 'It002', NOW(), 'Tasty!');
insert into review(username, item_id, review_date, review_text) VALUES ('Alex', 'It003', NOW(), 'Tasty!');
insert into review(username, item_id, review_date, review_text) VALUES ('Alex', 'It004', NOW(), 'Tasty!');
insert into review(username, item_id, review_date, review_text) VALUES ('Alex', 'It005', NOW(), 'Tasty!');
insert into review(username, item_id, review_date, review_text) VALUES ('Alex', 'It006', NOW(), 'Tasty!');
insert into review(username, item_id, review_date, review_text) VALUES ('Alex', 'It007', NOW(), 'Tasty!');
insert into review(username, item_id, review_date, review_text) VALUES ('Alex', 'It008', NOW(), 'Tasty!');
insert into review(username, item_id, review_date, review_text) VALUES ('Alex', 'It009', NOW(), 'Tasty!');
insert into review(username, item_id, review_date, review_text) VALUES ('Alex', 'It010', NOW(), 'Tasty!');
insert into review(username, item_id, review_date, review_text) VALUES ('Alex', 'It011', NOW(), 'Tasty!');
insert into review(username, item_id, review_date, review_text) VALUES ('Alex', 'It012', NOW(), 'Tasty!');
insert into review(username, item_id, review_date, review_text) VALUES ('Alex', 'It013', NOW(), 'Tasty!');
insert into review(username, item_id, review_date, review_text) VALUES ('Alex', 'It014', NOW(), 'Tasty!');
insert into review(username, item_id, review_date, review_text) VALUES ('Alex', 'It015', NOW(), 'Tasty!');
insert into review(username, item_id, review_date, review_text) VALUES ('Alex', 'It016', NOW(), 'Tasty!');
insert into review(username, item_id, review_date, review_text) VALUES ('Alex', 'It017', NOW(), 'Tasty!');
insert into review(username, item_id, review_date, review_text) VALUES ('Alex', 'It018', NOW(), 'Tasty!');
insert into review(username, item_id, review_date, review_text) VALUES ('Alex', 'It019', NOW(), 'Tasty!');
insert into review(username, item_id, review_date, review_text) VALUES ('Alex', 'It020', NOW(), 'Tasty!');
insert into review(username, item_id, review_date, review_text) VALUES ('Alex', 'It021', NOW(), 'Tasty!');
insert into review(username, item_id, review_date, review_text) VALUES ('Alex', 'It022', NOW(), 'Tasty!');
insert into review(username, item_id, review_date, review_text) VALUES ('Alex', 'It023', NOW(), 'Tasty!');
insert into review(username, item_id, review_date, review_text) VALUES ('Alex', 'It024', NOW(), 'Tasty!');
insert into review(username, item_id, review_date, review_text) VALUES ('Vicky', 'It001', NOW(), 'This was terrible.');
insert into review(username, item_id, review_date, review_text) VALUES ('Vicky', 'It002', NOW(), 'This was terrible.');
insert into review(username, item_id, review_date, review_text) VALUES ('Vicky', 'It003', NOW(), 'This was terrible.');
insert into review(username, item_id, review_date, review_text) VALUES ('Vicky', 'It004', NOW(), 'This was terrible.');
insert into review(username, item_id, review_date, review_text) VALUES ('Vicky', 'It005', NOW(), 'This was terrible.');
insert into review(username, item_id, review_date, review_text) VALUES ('Vicky', 'It006', NOW(), 'This was terrible.');
insert into review(username, item_id, review_date, review_text) VALUES ('Xander', 'It007', NOW(), 'So good!');
insert into review(username, item_id, review_date, review_text) VALUES ('Xander', 'It008', NOW(), 'So good!');
insert into review(username, item_id, review_date, review_text) VALUES ('Xander', 'It009', NOW(), 'So good!');
insert into review(username, item_id, review_date, review_text) VALUES ('Xander', 'It010', NOW(), 'So good!');
insert into review(username, item_id, review_date, review_text) VALUES ('Xander', 'It011', NOW(), 'So good!');
insert into review(username, item_id, review_date, review_text) VALUES ('Xander', 'It012', NOW(), 'So good!');
insert into review(username, item_id, review_date, review_text) VALUES ('Tony', 'It013', NOW(), 'Absolutely lovely.');
insert into review(username, item_id, review_date, review_text) VALUES ('Tony', 'It014', NOW(), 'Absolutely lovely.');
insert into review(username, item_id, review_date, review_text) VALUES ('Tony', 'It015', NOW(), 'Absolutely lovely.');
insert into review(username, item_id, review_date, review_text) VALUES ('Tony', 'It016', NOW(), 'Absolutely lovely.');
insert into review(username, item_id, review_date, review_text) VALUES ('Tony', 'It017', NOW(), 'Absolutely lovely.');
insert into review(username, item_id, review_date, review_text) VALUES ('Tony', 'It018', NOW(), 'Absolutely lovely.');
insert into review(username, item_id, review_date, review_text) VALUES ('Parker', 'It018', NOW(), 'ok.');
insert into review(username, item_id, review_date, review_text) VALUES ('Parker', 'It019', NOW(), 'ok.');
insert into review(username, item_id, review_date, review_text) VALUES ('Parker', 'It020', NOW(), 'ok.');
insert into review(username, item_id, review_date, review_text) VALUES ('Parker', 'It021', NOW(), 'ok.');
insert into review(username, item_id, review_date, review_text) VALUES ('Parker', 'It022', NOW(), 'ok.');
insert into review(username, item_id, review_date, review_text) VALUES ('Parker', 'It023', NOW(), 'ok.');
insert into review(username, item_id, review_date, review_text) VALUES ('Parker', 'It024', NOW(), 'ok.');

